{
"type": "FeatureCollection",
"name": "labelcluster",
"crs": { "type": "name", "properties": { "name": "urn:ogc:def:crs:EPSG::32632" } },
"features": [
{ "type": "Feature", "properties": { "Height": 9.65, "Floors": 3, "End Use": "Residential", "Lower End Use": "Residential", "Upper End Use": "Residential", "Envelope": "1970-1980", "id": "0021500013", "Name": "Building 0021500013", "ExtWallCoeff": 1.0, "VolCoeff": 1.0, "Cooling System": "IdealLoad", "Heating System": "IdealLoad", "Section": "280600000215", "Section_Keys": [ "Total_Buildings", "Total_Res", "Pop_Res", "P[0000-1919]", "P[1920-1945]", "P[1946-1960]", "P[1961-1970]", "P[1971-1980]", "P[1981-1990]", "P[1991-2000]", "P[2001-2005]", "P[2006-3000]", "P[1F]", "P[2F]", "P[3F]", "P[4F+]", "P[Res]" ], "Section_Values": [ 78.0, 55.0, 930.0, 0.30909090909090908, 0.2, 0.2, 0.25454545454545452, 0.018181818181818181, 0.018181818181818181, 0.0, 0.0, 0.0, 0.036363636363636362, 0.27272727272727271, 0.30909090909090908, 0.38181818181818183, 0.70512820512820518 ], "Height Source": null, "Floor Height Source": "Default", "EndUse Source": "ISTAT", "Envelope Source": "Default", "Cooling System Source": "Default", "Heating System Source": "Default", "Solar Technologies": null, "CLUSTERLABEL": 3, "n": 1, "distance": 74.548842133967469, "feature_x": 724715.25044476846, "feature_y": 5033344.9300975166, "nearest_x": 724770.36849972012, "nearest_y": 5033395.1250164015 }, "geometry": { "type": "Polygon", "coordinates": [ [ [ 724698.371453320723958, 5033338.264650354161859 ], [ 724671.82977564225439, 5033354.279757321812212 ], [ 724679.527790140593424, 5033368.169996555894613 ], [ 724703.335629620705731, 5033354.560036955401301 ], [ 724701.96158568165265, 5033351.796796339564025 ], [ 724715.25044476846233, 5033344.93009751662612 ], [ 724710.038699374883436, 5033335.344473816454411 ], [ 724702.757338151102886, 5033339.611580324359238 ], [ 724701.103612303035334, 5033336.782729180529714 ], [ 724698.371453320723958, 5033338.264650354161859 ] ] ] } },
{ "type": "Feature", "properties": { "Height": 4.0, "Floors": 1, "End Use": "Residential", "Lower End Use": "Residential", "Upper End Use": "Residential", "Envelope": "1961-1970", "id": "0021400007", "Name": "Building 0021400007", "ExtWallCoeff": 1.0, "VolCoeff": 1.0, "Cooling System": "IdealLoad", "Heating System": "IdealLoad", "Section": "280600000214", "Section_Keys": [ "Total_Buildings", "Total_Res", "Pop_Res", "P[0000-1919]", "P[1920-1945]", "P[1946-1960]", "P[1961-1970]", "P[1971-1980]", "P[1981-1990]", "P[1991-2000]", "P[2001-2005]", "P[2006-3000]", "P[1F]", "P[2F]", "P[3F]", "P[4F+]", "P[Res]" ], "Section_Values": [ 29.0, 11.0, 290.0, 0.0, 0.0, 0.090909090909090912, 0.36363636363636365, 0.18181818181818182, 0.36363636363636365, 0.0, 0.0, 0.0, 0.0, 0.45454545454545453, 0.36363636363636365, 0.18181818181818182, 0.37931034482758619 ], "Height Source": null, "Floor Height Source": "Default", "EndUse Source": "OSM", "Envelope Source": "ISTAT", "Cooling System Source": "Default", "Heating System Source": "Default", "Solar Technologies": null, "CLUSTERLABEL": 2, "n": 1, "distance": 88.634194300049202, "feature_x": 724793.00440724939, "feature_y": 5032897.0829072287, "nearest_x": 724848.99031305464, "nearest_y": 5032965.7967977487 }, "geometry": { "type": "Polygon", "coordinates": [ [ [ 724784.664549294509925, 5032884.259733584709466 ], [ 724780.821180284256116, 5032888.549546059221029 ], [ 724788.229430623818189, 5032900.037964541465044 ], [ 724793.004407249391079, 5032897.082907228730619 ], [ 724787.056198382866569, 5032887.926989906467497 ], [ 724784.664549294509925, 5032884.259733584709466 ] ] ] } },
{ "type": "Feature", "properties": { "Height": 12.367, "Floors": 4, "End Use": "Residential", "Lower End Use": "Residential", "Upper End Use": "Residential", "Envelope": "Before 1930", "id": "0021500014", "Name": "Building 0021500014", "ExtWallCoeff": 1.0, "VolCoeff": 1.0, "Cooling System": "IdealLoad", "Heating System": "IdealLoad", "Section": "280600000215", "Section_Keys": [ "Total_Buildings", "Total_Res", "Pop_Res", "P[0000-1919]", "P[1920-1945]", "P[1946-1960]", "P[1961-1970]", "P[1971-1980]", "P[1981-1990]", "P[1991-2000]", "P[2001-2005]", "P[2006-3000]", "P[1F]", "P[2F]", "P[3F]", "P[4F+]", "P[Res]" ], "Section_Values": [ 78.0, 55.0, 930.0, 0.30909090909090908, 0.2, 0.2, 0.25454545454545452, 0.018181818181818181, 0.018181818181818181, 0.0, 0.0, 0.0, 0.036363636363636362, 0.27272727272727271, 0.30909090909090908, 0.38181818181818183, 0.70512820512820518 ], "Height Source": null, "Floor Height Source": "Default", "EndUse Source": "ISTAT", "Envelope Source": "ISTAT", "Cooling System Source": "Default", "Heating System Source": "Default", "Solar Technologies": null, "CLUSTERLABEL": 1, "n": 1, "distance": 204.00790453137688, "feature_x": 724508.51232340559, "feature_y": 5033100.8050450925, "nearest_x": 724339.52991531463, "nearest_y": 5033215.1036490519 }, "geometry": { "type": "Polygon", "coordinates": [ [ [ 724501.595922106644139, 5033090.579634577035904 ], [ 724509.714586097747087, 5033102.582505514845252 ], [ 724512.535848786821589, 5033100.580875016748905 ], [ 724510.959201651625335, 5033098.222024549730122 ], [ 724516.506760090007447, 5033094.026275582611561 ], [ 724517.301519610802643, 5033095.24486352968961 ], [ 724519.316963640740141, 5033093.870756222866476 ], [ 724520.047468738746829, 5033094.475257452577353 ], [ 724524.755246116779745, 5033090.761217237450182 ], [ 724524.162512558978051, 5033090.028151729144156 ], [ 724523.4882902209647, 5033088.724877924658358 ], [ 724525.828606236027554, 5033087.028664920479059 ], [ 724530.909288849099539, 5033083.183335804380476 ], [ 724525.866954839206301, 5033076.518312903121114 ], [ 724520.951084542903118, 5033080.13593608699739 ], [ 724520.37082521407865, 5033079.492304482497275 ], [ 724518.850423457683064, 5033077.313436436466873 ], [ 724501.595922106644139, 5033090.579634577035904 ] ] ] } },
{ "type": "Feature", "properties": { "Height": 8.133, "Floors": 2, "End Use": "Residential", "Lower End Use": "Residential", "Upper End Use": "Residential", "Envelope": "1970-1980", "id": "0021900005", "Name": "Building 0021900005", "ExtWallCoeff": 1.0, "VolCoeff": 1.0, "Cooling System": "IdealLoad", "Heating System": "IdealLoad", "Section": "280600000219", "Section_Keys": [ "Total_Buildings", "Total_Res", "Pop_Res", "P[0000-1919]", "P[1920-1945]", "P[1946-1960]", "P[1961-1970]", "P[1971-1980]", "P[1981-1990]", "P[1991-2000]", "P[2001-2005]", "P[2006-3000]", "P[1F]", "P[2F]", "P[3F]", "P[4F+]", "P[Res]" ], "Section_Values": [ 29.0, 21.0, 287.0, 0.42857142857142855, 0.095238095238095233, 0.2857142857142857, 0.14285714285714285, 0.047619047619047616, 0.0, 0.0, 0.0, 0.0, 0.0, 0.047619047619047616, 0.2857142857142857, 0.66666666666666663, 0.72413793103448276 ], "Height Source": null, "Floor Height Source": "Default", "EndUse Source": "ISTAT", "Envelope Source": "Default", "Cooling System Source": "Default", "Heating System Source": "Default", "Solar Technologies": null, "CLUSTERLABEL": 2, "n": 1, "distance": 167.49268565173989, "feature_x": 724828.04199851269, "feature_y": 5033131.9743168801, "nearest_x": 724848.99031305464, "nearest_y": 5032965.7967977487 }, "geometry": { "type": "Polygon", "coordinates": [ [ [ 724804.860604764195159, 5033147.753115490078926 ], [ 724807.21777081862092, 5033151.285674002021551 ], [ 724800.798267984297127, 5033155.761469918303192 ], [ 724795.893120973370969, 5033158.856462688185275 ], [ 724781.256908017792739, 5033168.555864974856377 ], [ 724781.896289423108101, 5033171.270616186782718 ], [ 724785.683428857009858, 5033176.878762430511415 ], [ 724785.910564211662859, 5033176.441938866861165 ], [ 724811.72779583663214, 5033159.244498716667295 ], [ 724812.227588613401167, 5033158.85079312697053 ], [ 724814.50157815485727, 5033162.080045844428241 ], [ 724835.240331263048574, 5033148.227322627790272 ], [ 724837.725526102702133, 5033146.425164637155831 ], [ 724828.041998512693681, 5033131.974316880106926 ], [ 724804.860604764195159, 5033147.753115490078926 ] ] ] } },
{ "type": "Feature", "properties": { "Height": 6.767, "Floors": 2, "End Use": "Residential", "Lower End Use": "Residential", "Upper End Use": "Residential", "Envelope": "Before 1930", "id": "0021900006", "Name": "Building 0021900006", "ExtWallCoeff": 1.0, "VolCoeff": 1.0, "Cooling System": "IdealLoad", "Heating System": "IdealLoad", "Section": "280600000219", "Section_Keys": [ "Total_Buildings", "Total_Res", "Pop_Res", "P[0000-1919]", "P[1920-1945]", "P[1946-1960]", "P[1961-1970]", "P[1971-1980]", "P[1981-1990]", "P[1991-2000]", "P[2001-2005]", "P[2006-3000]", "P[1F]", "P[2F]", "P[3F]", "P[4F+]", "P[Res]" ], "Section_Values": [ 29.0, 21.0, 287.0, 0.42857142857142855, 0.095238095238095233, 0.2857142857142857, 0.14285714285714285, 0.047619047619047616, 0.0, 0.0, 0.0, 0.0, 0.0, 0.047619047619047616, 0.2857142857142857, 0.66666666666666663, 0.72413793103448276 ], "Height Source": null, "Floor Height Source": "Default", "EndUse Source": "ISTAT", "Envelope Source": "ISTAT", "Cooling System Source": "Default", "Heating System Source": "Default", "Solar Technologies": null, "CLUSTERLABEL": 2, "n": 1, "distance": 198.27870076236297, "feature_x": 724754.50125557429, "feature_y": 5033140.1133523053, "nearest_x": 724848.99031305464, "nearest_y": 5032965.7967977487 }, "geometry": { "type": "Polygon", "coordinates": [ [ [ 724749.154354847269133, 5033151.624239515513182 ], [ 724752.547078958596103, 5033149.198192559182644 ], [ 724757.801354513852857, 5033145.759690736420453 ], [ 724754.501255574286915, 5033140.11335230525583 ], [ 724749.126951540354639, 5033143.402961603365839 ], [ 724748.158753145951778, 5033141.777695182710886 ], [ 724740.017386258230545, 5033147.304372237063944 ], [ 724742.154318786459044, 5033150.86240447871387 ], [ 724735.661785336676985, 5033155.191047628410161 ], [ 724739.297371089574881, 5033160.437793254852295 ], [ 724735.837813458405435, 5033162.761346472427249 ], [ 724738.939712640247308, 5033167.37722646817565 ], [ 724742.223167415708303, 5033165.158617343753576 ], [ 724746.448150080046616, 5033171.449796414934099 ], [ 724742.595683242194355, 5033174.026269705966115 ], [ 724750.199329218594357, 5033185.299180421046913 ], [ 724753.369668431929313, 5033183.176646899431944 ], [ 724760.555777407600544, 5033193.856226310133934 ], [ 724785.683428857009858, 5033176.878762430511415 ], [ 724781.896289423108101, 5033171.270616186782718 ], [ 724781.256908017792739, 5033168.555864974856377 ], [ 724779.990049556829035, 5033166.519470417872071 ], [ 724773.174212328973226, 5033171.125732664018869 ], [ 724764.95302662695758, 5033176.694018168374896 ], [ 724762.751421695225872, 5033173.411753833293915 ], [ 724764.51760280597955, 5033172.217914566397667 ], [ 724759.984948803437874, 5033165.548649445176125 ], [ 724758.52402593602892, 5033166.530928462743759 ], [ 724756.320825619273819, 5033163.293104084208608 ], [ 724758.071359660709277, 5033162.098703732714057 ], [ 724753.658319485955872, 5033155.589448639191687 ], [ 724752.261577090714127, 5033156.52952862996608 ], [ 724749.154354847269133, 5033151.624239515513182 ] ] ] } },
{ "type": "Feature", "properties": { "Height": 14.8, "Floors": 4, "End Use": "Residential", "Lower End Use": "Residential", "Upper End Use": "Residential", "Envelope": "1970-1980", "id": "0021900007", "Name": "Building 0021900007", "ExtWallCoeff": 1.0, "VolCoeff": 1.0, "Cooling System": "IdealLoad", "Heating System": "IdealLoad", "Section": "280600000219", "Section_Keys": [ "Total_Buildings", "Total_Res", "Pop_Res", "P[0000-1919]", "P[1920-1945]", "P[1946-1960]", "P[1961-1970]", "P[1971-1980]", "P[1981-1990]", "P[1991-2000]", "P[2001-2005]", "P[2006-3000]", "P[1F]", "P[2F]", "P[3F]", "P[4F+]", "P[Res]" ], "Section_Values": [ 29.0, 21.0, 287.0, 0.42857142857142855, 0.095238095238095233, 0.2857142857142857, 0.14285714285714285, 0.047619047619047616, 0.0, 0.0, 0.0, 0.0, 0.0, 0.047619047619047616, 0.2857142857142857, 0.66666666666666663, 0.72413793103448276 ], "Height Source": null, "Floor Height Source": "Default", "EndUse Source": "ISTAT", "Envelope Source": "Default", "Cooling System Source": "Default", "Heating System Source": "Default", "Solar Technologies": null, "CLUSTERLABEL": 0, "n": 1, "distance": 171.27103495571365, "feature_x": 724849.6237946545, "feature_y": 5033218.1302949684, "nearest_x": 724988.51626485004, "nearest_y": 5033318.3433137722 }, "geometry": { "type": "Polygon", "coordinates": [ [ [ 724833.476934678386897, 5033217.274926680140197 ], [ 724840.236916224006563, 5033225.625675755552948 ], [ 724849.623794654500671, 5033218.130294968374074 ], [ 724843.123600451508537, 5033209.744329329580069 ], [ 724833.476934678386897, 5033217.274926680140197 ] ] ] } },
{ "type": "Feature", "properties": { "Height": 7.96, "Floors": 2, "End Use": "Residential", "Lower End Use": "Residential", "Upper End Use": "Residential", "Envelope": "1970-1980", "id": "0021900008", "Name": "Building 0021900008", "ExtWallCoeff": 1.0, "VolCoeff": 1.0, "Cooling System": "IdealLoad", "Heating System": "IdealLoad", "Section": "280600000219", "Section_Keys": [ "Total_Buildings", "Total_Res", "Pop_Res", "P[0000-1919]", "P[1920-1945]", "P[1946-1960]", "P[1961-1970]", "P[1971-1980]", "P[1981-1990]", "P[1991-2000]", "P[2001-2005]", "P[2006-3000]", "P[1F]", "P[2F]", "P[3F]", "P[4F+]", "P[Res]" ], "Section_Values": [ 29.0, 21.0, 287.0, 0.42857142857142855, 0.095238095238095233, 0.2857142857142857, 0.14285714285714285, 0.047619047619047616, 0.0, 0.0, 0.0, 0.0, 0.0, 0.047619047619047616, 0.2857142857142857, 0.66666666666666663, 0.72413793103448276 ], "Height Source": null, "Floor Height Source": "Default", "EndUse Source": "ISTAT", "Envelope Source": "Default", "Cooling System Source": "Default", "Heating System Source": "Default", "Solar Technologies": null, "CLUSTERLABEL": 3, "n": 1, "distance": 148.20710729416416, "feature_x": 724789.41901974473, "feature_y": 5033248.1473842962, "nearest_x": 724770.36849972012, "nearest_y": 5033395.1250164015 }, "geometry": { "type": "Polygon", "coordinates": [ [ [ 724805.005446148687042, 5033229.394035771489143 ], [ 724786.380912168417126, 5033244.379143297672272 ], [ 724789.419019744731486, 5033248.147384296171367 ], [ 724804.526893891161308, 5033236.206790450029075 ], [ 724806.429625277407467, 5033238.644122712314129 ], [ 724813.755093529587612, 5033247.393257914111018 ], [ 724829.222768625593744, 5033235.031763222999871 ], [ 724831.240351200802252, 5033233.379741095006466 ], [ 724832.550350678851828, 5033232.236353703774512 ], [ 724824.276857716264203, 5033221.51780675444752 ], [ 724827.305698301759548, 5033219.190027328208089 ], [ 724826.858492391766049, 5033218.551120868884027 ], [ 724823.338471872266382, 5033214.676645196042955 ], [ 724817.626244332059287, 5033219.311187839135528 ], [ 724819.968756121117622, 5033222.376040868461132 ], [ 724807.435612959321588, 5033232.417523164302111 ], [ 724805.005446148687042, 5033229.394035771489143 ] ] ] } },
{ "type": "Feature", "properties": { "Height": 6.9, "Floors": 2, "End Use": "Residential", "Lower End Use": "Residential", "Upper End Use": "Residential", "Envelope": "Before 1930", "id": "0021900009", "Name": "Building 0021900009", "ExtWallCoeff": 1.0, "VolCoeff": 1.0, "Cooling System": "IdealLoad", "Heating System": "IdealLoad", "Section": "280600000219", "Section_Keys": [ "Total_Buildings", "Total_Res", "Pop_Res", "P[0000-1919]", "P[1920-1945]", "P[1946-1960]", "P[1961-1970]", "P[1971-1980]", "P[1981-1990]", "P[1991-2000]", "P[2001-2005]", "P[2006-3000]", "P[1F]", "P[2F]", "P[3F]", "P[4F+]", "P[Res]" ], "Section_Values": [ 29.0, 21.0, 287.0, 0.42857142857142855, 0.095238095238095233, 0.2857142857142857, 0.14285714285714285, 0.047619047619047616, 0.0, 0.0, 0.0, 0.0, 0.0, 0.047619047619047616, 0.2857142857142857, 0.66666666666666663, 0.72413793103448276 ], "Height Source": null, "Floor Height Source": "Default", "EndUse Source": "ISTAT", "Envelope Source": "ISTAT", "Cooling System Source": "Default", "Heating System Source": "Default", "Solar Technologies": null, "CLUSTERLABEL": 3, "n": 1, "distance": 144.42253133697901, "feature_x": 724760.17995349527, "feature_y": 5033251.0623179553, "nearest_x": 724770.36849972012, "nearest_y": 5033395.1250164015 }, "geometry": { "type": "Polygon", "coordinates": [ [ [ 724746.72656120697502, 5033234.685972046107054 ], [ 724760.179953495273367, 5033251.062317955307662 ], [ 724767.667917963117361, 5033244.744796259328723 ], [ 724754.453502432676032, 5033228.477086650207639 ], [ 724746.72656120697502, 5033234.685972046107054 ] ] ] } },
{ "type": "Feature", "properties": { "Height": 4.55, "Floors": 1, "End Use": "Residential", "Lower End Use": "Residential", "Upper End Use": "Residential", "Envelope": "1970-1980", "id": "0021900010", "Name": "Building 0021900010", "ExtWallCoeff": 1.0, "VolCoeff": 1.0, "Cooling System": "IdealLoad", "Heating System": "IdealLoad", "Section": "280600000219", "Section_Keys": [ "Total_Buildings", "Total_Res", "Pop_Res", "P[0000-1919]", "P[1920-1945]", "P[1946-1960]", "P[1961-1970]", "P[1971-1980]", "P[1981-1990]", "P[1991-2000]", "P[2001-2005]", "P[2006-3000]", "P[1F]", "P[2F]", "P[3F]", "P[4F+]", "P[Res]" ], "Section_Values": [ 29.0, 21.0, 287.0, 0.42857142857142855, 0.095238095238095233, 0.2857142857142857, 0.14285714285714285, 0.047619047619047616, 0.0, 0.0, 0.0, 0.0, 0.0, 0.047619047619047616, 0.2857142857142857, 0.66666666666666663, 0.72413793103448276 ], "Height Source": null, "Floor Height Source": "Default", "EndUse Source": "Default", "Envelope Source": "Default", "Cooling System Source": "Default", "Heating System Source": "Default", "Solar Technologies": null, "CLUSTERLABEL": 2, "n": 1, "distance": 188.14039612985781, "feature_x": 724744.73785273917, "feature_y": 5033122.4117177725, "nearest_x": 724848.99031305464, "nearest_y": 5032965.7967977487 }, "geometry": { "type": "Polygon", "coordinates": [ [ [ 724744.737852739170194, 5033122.411717772483826 ], [ 724740.6103201280348, 5033125.011735131032765 ], [ 724747.3645899228286, 5033137.255403527058661 ], [ 724745.934959969716147, 5033138.238804006017745 ], [ 724742.145862144650891, 5033140.795296266674995 ], [ 724738.181459155166522, 5033143.43451448250562 ], [ 724740.017386258230545, 5033147.304372237063944 ], [ 724748.158753145951778, 5033141.777695182710886 ], [ 724749.126951540354639, 5033143.402961603365839 ], [ 724754.501255574286915, 5033140.11335230525583 ], [ 724744.737852739170194, 5033122.411717772483826 ] ] ] } },
{ "type": "Feature", "properties": { "Height": 6.4, "Floors": 2, "End Use": "Residential", "Lower End Use": "Residential", "Upper End Use": "Residential", "Envelope": "Before 1930", "id": "0021900011", "Name": "Building 0021900011", "ExtWallCoeff": 1.0, "VolCoeff": 1.0, "Cooling System": "IdealLoad", "Heating System": "IdealLoad", "Section": "280600000219", "Section_Keys": [ "Total_Buildings", "Total_Res", "Pop_Res", "P[0000-1919]", "P[1920-1945]", "P[1946-1960]", "P[1961-1970]", "P[1971-1980]", "P[1981-1990]", "P[1991-2000]", "P[2001-2005]", "P[2006-3000]", "P[1F]", "P[2F]", "P[3F]", "P[4F+]", "P[Res]" ], "Section_Values": [ 29.0, 21.0, 287.0, 0.42857142857142855, 0.095238095238095233, 0.2857142857142857, 0.14285714285714285, 0.047619047619047616, 0.0, 0.0, 0.0, 0.0, 0.0, 0.047619047619047616, 0.2857142857142857, 0.66666666666666663, 0.72413793103448276 ], "Height Source": null, "Floor Height Source": "Default", "EndUse Source": "ISTAT", "Envelope Source": "ISTAT", "Cooling System Source": "Default", "Heating System Source": "Default", "Solar Technologies": null, "CLUSTERLABEL": 2, "n": 1, "distance": 137.34246654637801, "feature_x": 724834.64631380537, "feature_y": 5033102.3881693743, "nearest_x": 724848.99031305464, "nearest_y": 5032965.7967977487 }, "geometry": { "type": "Polygon", "coordinates": [ [ [ 724813.252237357664853, 5033104.9826923571527 ], [ 724806.113091381732374, 5033108.987819693982601 ], [ 724806.836229395121336, 5033110.893548185005784 ], [ 724812.051586314570159, 5033119.72297253459692 ], [ 724825.62442309781909, 5033112.599652344360948 ], [ 724829.404996653553098, 5033110.72143876273185 ], [ 724836.999949662014842, 5033106.677014104090631 ], [ 724834.646313805365935, 5033102.388169374316931 ], [ 724820.502553654368967, 5033109.702410791069269 ], [ 724818.249990014941432, 5033105.873251504264772 ], [ 724815.232855892274529, 5033107.433931804262102 ], [ 724813.733208742225543, 5033104.677302233874798 ], [ 724813.252237357664853, 5033104.9826923571527 ] ] ] } },
{ "type": "Feature", "properties": { "Height": 7.0, "Floors": 2, "End Use": "Residential", "Lower End Use": "Residential", "Upper End Use": "Residential", "Envelope": "Before 1930", "id": "0021900012", "Name": "Building 0021900012", "ExtWallCoeff": 1.0, "VolCoeff": 1.0, "Cooling System": "IdealLoad", "Heating System": "IdealLoad", "Section": "280600000219", "Section_Keys": [ "Total_Buildings", "Total_Res", "Pop_Res", "P[0000-1919]", "P[1920-1945]", "P[1946-1960]", "P[1961-1970]", "P[1971-1980]", "P[1981-1990]", "P[1991-2000]", "P[2001-2005]", "P[2006-3000]", "P[1F]", "P[2F]", "P[3F]", "P[4F+]", "P[Res]" ], "Section_Values": [ 29.0, 21.0, 287.0, 0.42857142857142855, 0.095238095238095233, 0.2857142857142857, 0.14285714285714285, 0.047619047619047616, 0.0, 0.0, 0.0, 0.0, 0.0, 0.047619047619047616, 0.2857142857142857, 0.66666666666666663, 0.72413793103448276 ], "Height Source": null, "Floor Height Source": "Default", "EndUse Source": "ISTAT", "Envelope Source": "ISTAT", "Cooling System Source": "Default", "Heating System Source": "Default", "Solar Technologies": null, "CLUSTERLABEL": 2, "n": 1, "distance": 146.26310342183896, "feature_x": 724839.82613508869, "feature_y": 5033111.77252609, "nearest_x": 724848.99031305464, "nearest_y": 5032965.7967977487 }, "geometry": { "type": "Polygon", "coordinates": [ [ [ 724821.30101968080271, 5033120.020239111967385 ], [ 724824.109255815856159, 5033124.303082762286067 ], [ 724828.360586054157466, 5033122.185855935327709 ], [ 724839.843572614365257, 5033115.010103684850037 ], [ 724841.121782856644131, 5033114.099174663424492 ], [ 724839.826135088689625, 5033111.772526090033352 ], [ 724833.846155968494713, 5033115.785692856647074 ], [ 724832.073862025514245, 5033112.985940555110574 ], [ 724821.30101968080271, 5033120.020239111967385 ] ] ] } },
{ "type": "Feature", "properties": { "Height": 14.25, "Floors": 4, "End Use": "Residential", "Lower End Use": "Residential", "Upper End Use": "Residential", "Envelope": "Before 1930", "id": "0021900013", "Name": "Building 0021900013", "ExtWallCoeff": 1.0, "VolCoeff": 1.0, "Cooling System": "IdealLoad", "Heating System": "IdealLoad", "Section": "280600000219", "Section_Keys": [ "Total_Buildings", "Total_Res", "Pop_Res", "P[0000-1919]", "P[1920-1945]", "P[1946-1960]", "P[1961-1970]", "P[1971-1980]", "P[1981-1990]", "P[1991-2000]", "P[2001-2005]", "P[2006-3000]", "P[1F]", "P[2F]", "P[3F]", "P[4F+]", "P[Res]" ], "Section_Values": [ 29.0, 21.0, 287.0, 0.42857142857142855, 0.095238095238095233, 0.2857142857142857, 0.14285714285714285, 0.047619047619047616, 0.0, 0.0, 0.0, 0.0, 0.0, 0.047619047619047616, 0.2857142857142857, 0.66666666666666663, 0.72413793103448276 ], "Height Source": null, "Floor Height Source": "Default", "EndUse Source": "ISTAT", "Envelope Source": "ISTAT", "Cooling System Source": "Default", "Heating System Source": "Default", "Solar Technologies": null, "CLUSTERLABEL": 3, "n": 1, "distance": 118.98195747140842, "feature_x": 724778.18574408244, "feature_y": 5033276.4001373984, "nearest_x": 724770.36849972012, "nearest_y": 5033395.1250164015 }, "geometry": { "type": "Polygon", "coordinates": [ [ [ 724768.094840492471121, 5033258.66448977123946 ], [ 724765.33841178950388, 5033260.824054210446775 ], [ 724771.233601914602332, 5033268.164946895092726 ], [ 724771.432939273072407, 5033268.505777922458947 ], [ 724772.517115866183303, 5033269.734747570008039 ], [ 724778.18574408243876, 5033276.400137398391962 ], [ 724791.127667144406587, 5033265.438838793896139 ], [ 724778.905750734149478, 5033250.118677169084549 ], [ 724768.094840492471121, 5033258.66448977123946 ] ] ] } },
{ "type": "Feature", "properties": { "Height": 10.85, "Floors": 3, "End Use": "Residential", "Lower End Use": "Residential", "Upper End Use": "Residential", "Envelope": "1970-1980", "id": "0021900014", "Name": "Building 0021900014", "ExtWallCoeff": 1.0, "VolCoeff": 1.0, "Cooling System": "IdealLoad", "Heating System": "IdealLoad", "Section": "280600000219", "Section_Keys": [ "Total_Buildings", "Total_Res", "Pop_Res", "P[0000-1919]", "P[1920-1945]", "P[1946-1960]", "P[1961-1970]", "P[1971-1980]", "P[1981-1990]", "P[1991-2000]", "P[2001-2005]", "P[2006-3000]", "P[1F]", "P[2F]", "P[3F]", "P[4F+]", "P[Res]" ], "Section_Values": [ 29.0, 21.0, 287.0, 0.42857142857142855, 0.095238095238095233, 0.2857142857142857, 0.14285714285714285, 0.047619047619047616, 0.0, 0.0, 0.0, 0.0, 0.0, 0.047619047619047616, 0.2857142857142857, 0.66666666666666663, 0.72413793103448276 ], "Height Source": null, "Floor Height Source": "Default", "EndUse Source": "ISTAT", "Envelope Source": "Default", "Cooling System Source": "Default", "Heating System Source": "Default", "Solar Technologies": null, "CLUSTERLABEL": 3, "n": 1, "distance": 104.36160858535881, "feature_x": 724764.15207228018, "feature_y": 5033290.9487169068, "nearest_x": 724770.36849972012, "nearest_y": 5033395.1250164015 }, "geometry": { "type": "Polygon", "coordinates": [ [ [ 724760.391063327318989, 5033267.732936746440828 ], [ 724757.249955228762701, 5033270.134597645141184 ], [ 724756.400777601171285, 5033269.125376803800464 ], [ 724753.791542680934072, 5033271.112229522317648 ], [ 724757.001946443575434, 5033275.32043060194701 ], [ 724753.999574028886855, 5033278.005139752291143 ], [ 724764.152072280179709, 5033290.948716906830668 ], [ 724771.481694714748301, 5033285.114979269914329 ], [ 724770.929437402170151, 5033284.127492050640285 ], [ 724768.935202666325495, 5033281.620158560574055 ], [ 724767.741608401294798, 5033280.164807756431401 ], [ 724769.365856245276518, 5033278.776798493228853 ], [ 724760.391063327318989, 5033267.732936746440828 ] ] ] } },
{ "type": "Feature", "properties": { "Height": 11.4, "Floors": 3, "End Use": "Residential", "Lower End Use": "Residential", "Upper End Use": "Residential", "Envelope": "Before 1930", "id": "0021900015", "Name": "Building 0021900015", "ExtWallCoeff": 1.0, "VolCoeff": 1.0, "Cooling System": "IdealLoad", "Heating System": "IdealLoad", "Section": "280600000219", "Section_Keys": [ "Total_Buildings", "Total_Res", "Pop_Res", "P[0000-1919]", "P[1920-1945]", "P[1946-1960]", "P[1961-1970]", "P[1971-1980]", "P[1981-1990]", "P[1991-2000]", "P[2001-2005]", "P[2006-3000]", "P[1F]", "P[2F]", "P[3F]", "P[4F+]", "P[Res]" ], "Section_Values": [ 29.0, 21.0, 287.0, 0.42857142857142855, 0.095238095238095233, 0.2857142857142857, 0.14285714285714285, 0.047619047619047616, 0.0, 0.0, 0.0, 0.0, 0.0, 0.047619047619047616, 0.2857142857142857, 0.66666666666666663, 0.72413793103448276 ], "Height Source": null, "Floor Height Source": "Default", "EndUse Source": "ISTAT", "Envelope Source": "ISTAT", "Cooling System Source": "Default", "Heating System Source": "Default", "Solar Technologies": null, "CLUSTERLABEL": 3, "n": 1, "distance": 98.908566607060479, "feature_x": 724756.88017422403, "feature_y": 5033297.1404787255, "nearest_x": 724770.36849972012, "nearest_y": 5033395.1250164015 }, "geometry": { "type": "Polygon", "coordinates": [ [ [ 724753.999574028886855, 5033278.005139752291143 ], [ 724749.291110137477517, 5033272.530936169438064 ], [ 724742.548415227560326, 5033278.163202971220016 ], [ 724756.880174224032089, 5033297.140478725545108 ], [ 724764.152072280179709, 5033290.948716906830668 ], [ 724753.999574028886855, 5033278.005139752291143 ] ] ] } },
{ "type": "Feature", "properties": { "Height": 8.067, "Floors": 2, "End Use": "Residential", "Lower End Use": "Residential", "Upper End Use": "Residential", "Envelope": "Before 1930", "id": "0021900016", "Name": "Building 0021900016", "ExtWallCoeff": 1.0, "VolCoeff": 1.0, "Cooling System": "IdealLoad", "Heating System": "IdealLoad", "Section": "280600000219", "Section_Keys": [ "Total_Buildings", "Total_Res", "Pop_Res", "P[0000-1919]", "P[1920-1945]", "P[1946-1960]", "P[1961-1970]", "P[1971-1980]", "P[1981-1990]", "P[1991-2000]", "P[2001-2005]", "P[2006-3000]", "P[1F]", "P[2F]", "P[3F]", "P[4F+]", "P[Res]" ], "Section_Values": [ 29.0, 21.0, 287.0, 0.42857142857142855, 0.095238095238095233, 0.2857142857142857, 0.14285714285714285, 0.047619047619047616, 0.0, 0.0, 0.0, 0.0, 0.0, 0.047619047619047616, 0.2857142857142857, 0.66666666666666663, 0.72413793103448276 ], "Height Source": null, "Floor Height Source": "Default", "EndUse Source": "ISTAT", "Envelope Source": "ISTAT", "Cooling System Source": "Default", "Heating System Source": "Default", "Solar Technologies": null, "CLUSTERLABEL": 2, "n": 1, "distance": 200.08459220060308, "feature_x": 724769.83985226415, "feature_y": 5033149.5603648471, "nearest_x": 724848.99031305464, "nearest_y": 5032965.7967977487 }, "geometry": { "type": "Polygon", "coordinates": [ [ [ 724774.752577182021923, 5033158.089729451574385 ], [ 724769.839852264150977, 5033149.560364847071469 ], [ 724769.523988557746634, 5033149.849411740899086 ], [ 724762.506699375109747, 5033154.392868541181087 ], [ 724770.362510806880891, 5033166.720429385080934 ], [ 724773.174212328973226, 5033171.125732664018869 ], [ 724779.990049556829035, 5033166.519470417872071 ], [ 724774.752577182021923, 5033158.089729451574385 ] ] ] } },
{ "type": "Feature", "properties": { "Height": 13.1, "Floors": 4, "End Use": "Residential", "Lower End Use": "Residential", "Upper End Use": "Residential", "Envelope": "Before 1930", "id": "0021900017", "Name": "Building 0021900017", "ExtWallCoeff": 1.0, "VolCoeff": 1.0, "Cooling System": "IdealLoad", "Heating System": "IdealLoad", "Section": "280600000219", "Section_Keys": [ "Total_Buildings", "Total_Res", "Pop_Res", "P[0000-1919]", "P[1920-1945]", "P[1946-1960]", "P[1961-1970]", "P[1971-1980]", "P[1981-1990]", "P[1991-2000]", "P[2001-2005]", "P[2006-3000]", "P[1F]", "P[2F]", "P[3F]", "P[4F+]", "P[Res]" ], "Section_Values": [ 29.0, 21.0, 287.0, 0.42857142857142855, 0.095238095238095233, 0.2857142857142857, 0.14285714285714285, 0.047619047619047616, 0.0, 0.0, 0.0, 0.0, 0.0, 0.047619047619047616, 0.2857142857142857, 0.66666666666666663, 0.72413793103448276 ], "Height Source": null, "Floor Height Source": "Default", "EndUse Source": "ISTAT", "Envelope Source": "ISTAT", "Cooling System Source": "Default", "Heating System Source": "Default", "Solar Technologies": null, "CLUSTERLABEL": 3, "n": 1, "distance": 89.898534895775853, "feature_x": 724733.22522022645, "feature_y": 5033313.258519195, "nearest_x": 724770.36849972012, "nearest_y": 5033395.1250164015 }, "geometry": { "type": "Polygon", "coordinates": [ [ [ 724723.609695389401168, 5033297.564418983645737 ], [ 724733.225220226449892, 5033313.258519195020199 ], [ 724740.954140512738377, 5033308.30665541999042 ], [ 724744.408861923380755, 5033306.116419539786875 ], [ 724751.359814295195974, 5033301.670695177279413 ], [ 724745.865435431711376, 5033293.198418693616986 ], [ 724745.47054523031693, 5033293.506889180280268 ], [ 724741.149221427738667, 5033286.845183655619621 ], [ 724735.503467380185612, 5033290.28082515578717 ], [ 724736.476687019690871, 5033291.984135741367936 ], [ 724730.54241101955995, 5033295.821041748858988 ], [ 724729.448654447449371, 5033294.202413121238351 ], [ 724723.609695389401168, 5033297.564418983645737 ] ] ] } },
{ "type": "Feature", "properties": { "Height": 7.8, "Floors": 2, "End Use": "Residential", "Lower End Use": "Residential", "Upper End Use": "Residential", "Envelope": "1970-1980", "id": "0021900018", "Name": "Building 0021900018", "ExtWallCoeff": 1.0, "VolCoeff": 1.0, "Cooling System": "IdealLoad", "Heating System": "IdealLoad", "Section": "280600000219", "Section_Keys": [ "Total_Buildings", "Total_Res", "Pop_Res", "P[0000-1919]", "P[1920-1945]", "P[1946-1960]", "P[1961-1970]", "P[1971-1980]", "P[1981-1990]", "P[1991-2000]", "P[2001-2005]", "P[2006-3000]", "P[1F]", "P[2F]", "P[3F]", "P[4F+]", "P[Res]" ], "Section_Values": [ 29.0, 21.0, 287.0, 0.42857142857142855, 0.095238095238095233, 0.2857142857142857, 0.14285714285714285, 0.047619047619047616, 0.0, 0.0, 0.0, 0.0, 0.0, 0.047619047619047616, 0.2857142857142857, 0.66666666666666663, 0.72413793103448276 ], "Height Source": null, "Floor Height Source": "Default", "EndUse Source": "ISTAT", "Envelope Source": "Default", "Cooling System Source": "Default", "Heating System Source": "Default", "Solar Technologies": null, "CLUSTERLABEL": 3, "n": 1, "distance": 195.06404127716786, "feature_x": 724740.50201508403, "feature_y": 5033202.3609811282, "nearest_x": 724770.36849972012, "nearest_y": 5033395.1250164015 }, "geometry": { "type": "Polygon", "coordinates": [ [ [ 724732.398613898199983, 5033171.092341480776668 ], [ 724723.26963534753304, 5033177.073181401006877 ], [ 724740.502015084028244, 5033202.360981128178537 ], [ 724749.168046630686149, 5033196.619464485906065 ], [ 724744.132453078054823, 5033188.89774733223021 ], [ 724742.322114717913792, 5033190.012148950248957 ], [ 724739.456708650104702, 5033185.794041263870895 ], [ 724735.095262559014373, 5033179.375631095841527 ], [ 724737.254744737991132, 5033177.917750510387123 ], [ 724732.398613898199983, 5033171.092341480776668 ] ] ] } },
{ "type": "Feature", "properties": { "Height": 14.9, "Floors": 4, "End Use": "Residential", "Lower End Use": "Residential", "Upper End Use": "Residential", "Envelope": "Before 1930", "id": "0021900019", "Name": "Building 0021900019", "ExtWallCoeff": 1.0, "VolCoeff": 1.0, "Cooling System": "IdealLoad", "Heating System": "IdealLoad", "Section": "280600000219", "Section_Keys": [ "Total_Buildings", "Total_Res", "Pop_Res", "P[0000-1919]", "P[1920-1945]", "P[1946-1960]", "P[1961-1970]", "P[1971-1980]", "P[1981-1990]", "P[1991-2000]", "P[2001-2005]", "P[2006-3000]", "P[1F]", "P[2F]", "P[3F]", "P[4F+]", "P[Res]" ], "Section_Values": [ 29.0, 21.0, 287.0, 0.42857142857142855, 0.095238095238095233, 0.2857142857142857, 0.14285714285714285, 0.047619047619047616, 0.0, 0.0, 0.0, 0.0, 0.0, 0.047619047619047616, 0.2857142857142857, 0.66666666666666663, 0.72413793103448276 ], "Height Source": null, "Floor Height Source": "Default", "EndUse Source": "ISTAT", "Envelope Source": "ISTAT", "Cooling System Source": "Default", "Heating System Source": "Default", "Solar Technologies": null, "CLUSTERLABEL": 3, "n": 1, "distance": 205.2167711192015, "feature_x": 724700.36515043257, "feature_y": 5033202.2171258498, "nearest_x": 724770.36849972012, "nearest_y": 5033395.1250164015 }, "geometry": { "type": "Polygon", "coordinates": [ [ [ 724695.290444461046718, 5033193.615294531919062 ], [ 724700.365150432568043, 5033202.217125849798322 ], [ 724720.812692829174921, 5033190.14453774318099 ], [ 724715.779786619008519, 5033181.688788494095206 ], [ 724695.290444461046718, 5033193.615294531919062 ] ] ] } },
{ "type": "Feature", "properties": { "Height": 12.5, "Floors": 4, "End Use": "Residential", "Lower End Use": "Residential", "Upper End Use": "Residential", "Envelope": "Before 1930", "id": "0021900020", "Name": "Building 0021900020", "ExtWallCoeff": 1.0, "VolCoeff": 1.0, "Cooling System": "IdealLoad", "Heating System": "IdealLoad", "Section": "280600000219", "Section_Keys": [ "Total_Buildings", "Total_Res", "Pop_Res", "P[0000-1919]", "P[1920-1945]", "P[1946-1960]", "P[1961-1970]", "P[1971-1980]", "P[1981-1990]", "P[1991-2000]", "P[2001-2005]", "P[2006-3000]", "P[1F]", "P[2F]", "P[3F]", "P[4F+]", "P[Res]" ], "Section_Values": [ 29.0, 21.0, 287.0, 0.42857142857142855, 0.095238095238095233, 0.2857142857142857, 0.14285714285714285, 0.047619047619047616, 0.0, 0.0, 0.0, 0.0, 0.0, 0.047619047619047616, 0.2857142857142857, 0.66666666666666663, 0.72413793103448276 ], "Height Source": null, "Floor Height Source": "Default", "EndUse Source": "ISTAT", "Envelope Source": "ISTAT", "Cooling System Source": "Default", "Heating System Source": "Default", "Solar Technologies": null, "CLUSTERLABEL": 3, "n": 1, "distance": 138.84052501299087, "feature_x": 724739.68226319517, "feature_y": 5033259.7180510201, "nearest_x": 724770.36849972012, "nearest_y": 5033395.1250164015 }, "geometry": { "type": "Polygon", "coordinates": [ [ [ 724732.976800541160628, 5033250.935545919463038 ], [ 724739.682263195165433, 5033259.718051020056009 ], [ 724743.184698750148527, 5033256.85098170209676 ], [ 724742.429405704606324, 5033255.845118169672787 ], [ 724745.396796742221341, 5033253.481735922396183 ], [ 724747.478133665514179, 5033251.798596657812595 ], [ 724746.683720248169266, 5033250.791334565728903 ], [ 724745.204826591769233, 5033248.769615860655904 ], [ 724746.295896915136836, 5033248.052206285297871 ], [ 724742.573400017572567, 5033243.047063852660358 ], [ 724732.976800541160628, 5033250.935545919463038 ] ] ] } },
{ "type": "Feature", "properties": { "Height": 10.367, "Floors": 3, "End Use": "Residential", "Lower End Use": "Residential", "Upper End Use": "Residential", "Envelope": "Before 1930", "id": "0021900021", "Name": "Building 0021900021", "ExtWallCoeff": 1.0, "VolCoeff": 1.0, "Cooling System": "IdealLoad", "Heating System": "IdealLoad", "Section": "280600000219", "Section_Keys": [ "Total_Buildings", "Total_Res", "Pop_Res", "P[0000-1919]", "P[1920-1945]", "P[1946-1960]", "P[1961-1970]", "P[1971-1980]", "P[1981-1990]", "P[1991-2000]", "P[2001-2005]", "P[2006-3000]", "P[1F]", "P[2F]", "P[3F]", "P[4F+]", "P[Res]" ], "Section_Values": [ 29.0, 21.0, 287.0, 0.42857142857142855, 0.095238095238095233, 0.2857142857142857, 0.14285714285714285, 0.047619047619047616, 0.0, 0.0, 0.0, 0.0, 0.0, 0.047619047619047616, 0.2857142857142857, 0.66666666666666663, 0.72413793103448276 ], "Height Source": null, "Floor Height Source": "Default", "EndUse Source": "ISTAT", "Envelope Source": "ISTAT", "Cooling System Source": "Default", "Heating System Source": "Default", "Solar Technologies": null, "CLUSTERLABEL": 3, "n": 1, "distance": 118.46547785739396, "feature_x": 724718.39677525649, "feature_y": 5033288.6684088083, "nearest_x": 724770.36849972012, "nearest_y": 5033395.1250164015 }, "geometry": { "type": "Polygon", "coordinates": [ [ [ 724705.432576779974625, 5033267.37077992875129 ], [ 724710.865965784527361, 5033276.67510171700269 ], [ 724712.721030840300955, 5033279.789237084798515 ], [ 724718.396775256493129, 5033288.668408808298409 ], [ 724727.395021913689561, 5033283.272448382340372 ], [ 724727.777770700748079, 5033283.742190989665687 ], [ 724733.344888242543675, 5033280.314855948090553 ], [ 724720.180980550823733, 5033258.687475432641804 ], [ 724705.432576779974625, 5033267.37077992875129 ] ] ] } },
{ "type": "Feature", "properties": { "Height": 8.267, "Floors": 2, "End Use": "Residential", "Lower End Use": "Residential", "Upper End Use": "Residential", "Envelope": "1970-1980", "id": "0021900022", "Name": "Building 0021900022", "ExtWallCoeff": 1.0, "VolCoeff": 1.0, "Cooling System": "IdealLoad", "Heating System": "IdealLoad", "Section": "280600000219", "Section_Keys": [ "Total_Buildings", "Total_Res", "Pop_Res", "P[0000-1919]", "P[1920-1945]", "P[1946-1960]", "P[1961-1970]", "P[1971-1980]", "P[1981-1990]", "P[1991-2000]", "P[2001-2005]", "P[2006-3000]", "P[1F]", "P[2F]", "P[3F]", "P[4F+]", "P[Res]" ], "Section_Values": [ 29.0, 21.0, 287.0, 0.42857142857142855, 0.095238095238095233, 0.2857142857142857, 0.14285714285714285, 0.047619047619047616, 0.0, 0.0, 0.0, 0.0, 0.0, 0.047619047619047616, 0.2857142857142857, 0.66666666666666663, 0.72413793103448276 ], "Height Source": null, "Floor Height Source": "Default", "EndUse Source": "ISTAT", "Envelope Source": "Default", "Cooling System Source": "Default", "Heating System Source": "Default", "Solar Technologies": null, "CLUSTERLABEL": 2, "n": 1, "distance": 131.91762351348208, "feature_x": 724856.30219206668, "feature_y": 5033097.511625383, "nearest_x": 724848.99031305464, "nearest_y": 5032965.7967977487 }, "geometry": { "type": "Polygon", "coordinates": [ [ [ 724838.251037160865963, 5033108.93532757461071 ], [ 724839.826135088689625, 5033111.772526090033352 ], [ 724841.121782856644131, 5033114.099174663424492 ], [ 724858.57372108194977, 5033101.68630791362375 ], [ 724857.168139638379216, 5033099.366848640143871 ], [ 724856.302192066679709, 5033097.51162538304925 ], [ 724854.233884260989726, 5033098.828122354112566 ], [ 724838.251037160865963, 5033108.93532757461071 ] ] ] } },
{ "type": "Feature", "properties": { "Height": 10.033, "Floors": 3, "End Use": "Residential", "Lower End Use": "Residential", "Upper End Use": "Residential", "Envelope": "1970-1980", "id": "0021900023", "Name": "Building 0021900023", "ExtWallCoeff": 1.0, "VolCoeff": 1.0, "Cooling System": "IdealLoad", "Heating System": "IdealLoad", "Section": "280600000219", "Section_Keys": [ "Total_Buildings", "Total_Res", "Pop_Res", "P[0000-1919]", "P[1920-1945]", "P[1946-1960]", "P[1961-1970]", "P[1971-1980]", "P[1981-1990]", "P[1991-2000]", "P[2001-2005]", "P[2006-3000]", "P[1F]", "P[2F]", "P[3F]", "P[4F+]", "P[Res]" ], "Section_Values": [ 29.0, 21.0, 287.0, 0.42857142857142855, 0.095238095238095233, 0.2857142857142857, 0.14285714285714285, 0.047619047619047616, 0.0, 0.0, 0.0, 0.0, 0.0, 0.047619047619047616, 0.2857142857142857, 0.66666666666666663, 0.72413793103448276 ], "Height Source": null, "Floor Height Source": "Default", "EndUse Source": "Default", "Envelope Source": "Default", "Cooling System Source": "Default", "Heating System Source": "Default", "Solar Technologies": null, "CLUSTERLABEL": 2, "n": 1, "distance": 136.22701891435833, "feature_x": 724858.57372108195, "feature_y": 5033101.6863079136, "nearest_x": 724848.99031305464, "nearest_y": 5032965.7967977487 }, "geometry": { "type": "Polygon", "coordinates": [ [ [ 724841.121782856644131, 5033114.099174663424492 ], [ 724839.843572614365257, 5033115.010103684850037 ], [ 724841.348210053052753, 5033117.188494078814983 ], [ 724840.523845934658311, 5033118.771937932819128 ], [ 724840.755316468072124, 5033119.747962347231805 ], [ 724854.321719172177836, 5033110.833579115569592 ], [ 724861.34266364062205, 5033105.533945609815419 ], [ 724858.57372108194977, 5033101.68630791362375 ], [ 724841.121782856644131, 5033114.099174663424492 ] ] ] } },
{ "type": "Feature", "properties": { "Height": 14.9, "Floors": 4, "End Use": "Residential", "Lower End Use": "Residential", "Upper End Use": "Residential", "Envelope": "1970-1980", "id": "0021900024", "Name": "Building 0021900024", "ExtWallCoeff": 1.0, "VolCoeff": 1.0, "Cooling System": "IdealLoad", "Heating System": "IdealLoad", "Section": "280600000219", "Section_Keys": [ "Total_Buildings", "Total_Res", "Pop_Res", "P[0000-1919]", "P[1920-1945]", "P[1946-1960]", "P[1961-1970]", "P[1971-1980]", "P[1981-1990]", "P[1991-2000]", "P[2001-2005]", "P[2006-3000]", "P[1F]", "P[2F]", "P[3F]", "P[4F+]", "P[Res]" ], "Section_Values": [ 29.0, 21.0, 287.0, 0.42857142857142855, 0.095238095238095233, 0.2857142857142857, 0.14285714285714285, 0.047619047619047616, 0.0, 0.0, 0.0, 0.0, 0.0, 0.047619047619047616, 0.2857142857142857, 0.66666666666666663, 0.72413793103448276 ], "Height Source": null, "Floor Height Source": "Default", "EndUse Source": "Default", "Envelope Source": "Default", "Cooling System Source": "Default", "Heating System Source": "Default", "Solar Technologies": null, "CLUSTERLABEL": 3, "n": 1, "distance": 202.01284592161738, "feature_x": 724674.86569298897, "feature_y": 5033217.1126465397, "nearest_x": 724770.36849972012, "nearest_y": 5033395.1250164015 }, "geometry": { "type": "Polygon", "coordinates": [ [ [ 724677.451014187652618, 5033199.129262628033757 ], [ 724667.862718985066749, 5033204.593208128586411 ], [ 724674.865692988969386, 5033217.112646539695561 ], [ 724692.162445497466251, 5033207.052005985751748 ], [ 724687.301763202995062, 5033198.379963374696672 ], [ 724679.43227115564514, 5033202.659464080817997 ], [ 724677.451014187652618, 5033199.129262628033757 ] ] ] } },
{ "type": "Feature", "properties": { "Height": 5.2, "Floors": 1, "End Use": "Residential", "Lower End Use": "Residential", "Upper End Use": "Residential", "Envelope": "Before 1930", "id": "0021900025", "Name": "Building 0021900025", "ExtWallCoeff": 1.0, "VolCoeff": 1.0, "Cooling System": "IdealLoad", "Heating System": "IdealLoad", "Section": "280600000219", "Section_Keys": [ "Total_Buildings", "Total_Res", "Pop_Res", "P[0000-1919]", "P[1920-1945]", "P[1946-1960]", "P[1961-1970]", "P[1971-1980]", "P[1981-1990]", "P[1991-2000]", "P[2001-2005]", "P[2006-3000]", "P[1F]", "P[2F]", "P[3F]", "P[4F+]", "P[Res]" ], "Section_Values": [ 29.0, 21.0, 287.0, 0.42857142857142855, 0.095238095238095233, 0.2857142857142857, 0.14285714285714285, 0.047619047619047616, 0.0, 0.0, 0.0, 0.0, 0.0, 0.047619047619047616, 0.2857142857142857, 0.66666666666666663, 0.72413793103448276 ], "Height Source": null, "Floor Height Source": "Default", "EndUse Source": "ISTAT", "Envelope Source": "ISTAT", "Cooling System Source": "Default", "Heating System Source": "Default", "Solar Technologies": null, "CLUSTERLABEL": 2, "n": 1, "distance": 226.14415574174629, "feature_x": 724690.05937534943, "feature_y": 5033126.6760574942, "nearest_x": 724848.99031305464, "nearest_y": 5032965.7967977487 }, "geometry": { "type": "Polygon", "coordinates": [ [ [ 724689.367158306995407, 5033126.973909424617887 ], [ 724685.840871733846143, 5033128.972523373551667 ], [ 724675.491762905614451, 5033135.555007652379572 ], [ 724679.776930702151731, 5033142.13749763648957 ], [ 724690.056976516498253, 5033135.953000633977354 ], [ 724692.407064603990875, 5033139.685482124798 ], [ 724697.056520520360209, 5033136.948352941311896 ], [ 724690.05937534943223, 5033126.67605749424547 ], [ 724689.367158306995407, 5033126.973909424617887 ] ] ] } },
{ "type": "Feature", "properties": { "Height": 5.6, "Floors": 2, "End Use": "Residential", "Lower End Use": "Residential", "Upper End Use": "Residential", "Envelope": "1970-1980", "id": "0021900026", "Name": "Building 0021900026", "ExtWallCoeff": 1.0, "VolCoeff": 1.0, "Cooling System": "IdealLoad", "Heating System": "IdealLoad", "Section": "280600000219", "Section_Keys": [ "Total_Buildings", "Total_Res", "Pop_Res", "P[0000-1919]", "P[1920-1945]", "P[1946-1960]", "P[1961-1970]", "P[1971-1980]", "P[1981-1990]", "P[1991-2000]", "P[2001-2005]", "P[2006-3000]", "P[1F]", "P[2F]", "P[3F]", "P[4F+]", "P[Res]" ], "Section_Values": [ 29.0, 21.0, 287.0, 0.42857142857142855, 0.095238095238095233, 0.2857142857142857, 0.14285714285714285, 0.047619047619047616, 0.0, 0.0, 0.0, 0.0, 0.0, 0.047619047619047616, 0.2857142857142857, 0.66666666666666663, 0.72413793103448276 ], "Height Source": null, "Floor Height Source": "Default", "EndUse Source": "ISTAT", "Envelope Source": "Default", "Cooling System Source": "Default", "Heating System Source": "Default", "Solar Technologies": null, "CLUSTERLABEL": 2, "n": 1, "distance": 156.68939604671948, "feature_x": 724821.3010196808, "feature_y": 5033120.020239112, "nearest_x": 724848.99031305464, "nearest_y": 5032965.7967977487 }, "geometry": { "type": "Polygon", "coordinates": [ [ [ 724789.379698049044237, 5033137.466661823913455 ], [ 724790.502151016960852, 5033139.598008426837623 ], [ 724793.518591205938719, 5033143.75479699857533 ], [ 724795.413944576168433, 5033142.454347013495862 ], [ 724797.12457693752367, 5033141.280777486972511 ], [ 724799.481749922968447, 5033144.81333283521235 ], [ 724797.415337543701753, 5033146.296767620369792 ], [ 724796.148420658195391, 5033147.330467361956835 ], [ 724798.435776539612561, 5033151.939511266537011 ], [ 724803.65651615220122, 5033148.344117593020201 ], [ 724799.932201179675758, 5033142.29326459299773 ], [ 724814.651112996391021, 5033132.474496964365244 ], [ 724822.505261124344543, 5033127.972133334726095 ], [ 724825.127602559281513, 5033126.497455853968859 ], [ 724824.109255815856159, 5033124.303082762286067 ], [ 724821.30101968080271, 5033120.020239111967385 ], [ 724801.164179954794236, 5033130.401732204481959 ], [ 724789.379698049044237, 5033137.466661823913455 ] ] ] } },
{ "type": "Feature", "properties": { "Height": 2.4, "Floors": 1, "End Use": "Residential", "Lower End Use": "Residential", "Upper End Use": "Residential", "Envelope": "1970-1980", "id": "0021900027", "Name": "Building 0021900027", "ExtWallCoeff": 1.0, "VolCoeff": 1.0, "Cooling System": "IdealLoad", "Heating System": "IdealLoad", "Section": "280600000219", "Section_Keys": [ "Total_Buildings", "Total_Res", "Pop_Res", "P[0000-1919]", "P[1920-1945]", "P[1946-1960]", "P[1961-1970]", "P[1971-1980]", "P[1981-1990]", "P[1991-2000]", "P[2001-2005]", "P[2006-3000]", "P[1F]", "P[2F]", "P[3F]", "P[4F+]", "P[Res]" ], "Section_Values": [ 29.0, 21.0, 287.0, 0.42857142857142855, 0.095238095238095233, 0.2857142857142857, 0.14285714285714285, 0.047619047619047616, 0.0, 0.0, 0.0, 0.0, 0.0, 0.047619047619047616, 0.2857142857142857, 0.66666666666666663, 0.72413793103448276 ], "Height Source": null, "Floor Height Source": "Default", "EndUse Source": "ISTAT", "Envelope Source": "Default", "Cooling System Source": "Default", "Heating System Source": "Default", "Solar Technologies": null, "CLUSTERLABEL": 2, "n": 1, "distance": 183.37864088205129, "feature_x": 724790.50215101696, "feature_y": 5033139.5980084268, "nearest_x": 724848.99031305464, "nearest_y": 5032965.7967977487 }, "geometry": { "type": "Polygon", "coordinates": [ [ [ 724790.502151016960852, 5033139.598008426837623 ], [ 724790.1980808385415, 5033139.776240430772305 ], [ 724785.483768210979179, 5033143.011545236222446 ], [ 724793.249236857169308, 5033155.235795464366674 ], [ 724793.571337329689413, 5033154.991466819308698 ], [ 724798.435776539612561, 5033151.939511266537011 ], [ 724796.148420658195391, 5033147.330467361956835 ], [ 724795.653790306067094, 5033147.579752592369914 ], [ 724793.518591205938719, 5033143.75479699857533 ], [ 724790.502151016960852, 5033139.598008426837623 ] ] ] } },
{ "type": "Feature", "properties": { "Height": 7.6, "Floors": 2, "End Use": "Residential", "Lower End Use": "Residential", "Upper End Use": "Residential", "Envelope": "1970-1980", "id": "0021900028", "Name": "Building 0021900028", "ExtWallCoeff": 1.0, "VolCoeff": 1.0, "Cooling System": "IdealLoad", "Heating System": "IdealLoad", "Section": "280600000219", "Section_Keys": [ "Total_Buildings", "Total_Res", "Pop_Res", "P[0000-1919]", "P[1920-1945]", "P[1946-1960]", "P[1961-1970]", "P[1971-1980]", "P[1981-1990]", "P[1991-2000]", "P[2001-2005]", "P[2006-3000]", "P[1F]", "P[2F]", "P[3F]", "P[4F+]", "P[Res]" ], "Section_Values": [ 29.0, 21.0, 287.0, 0.42857142857142855, 0.095238095238095233, 0.2857142857142857, 0.14285714285714285, 0.047619047619047616, 0.0, 0.0, 0.0, 0.0, 0.0, 0.047619047619047616, 0.2857142857142857, 0.66666666666666663, 0.72413793103448276 ], "Height Source": null, "Floor Height Source": "Default", "EndUse Source": "ISTAT", "Envelope Source": "Default", "Cooling System Source": "Default", "Heating System Source": "Default", "Solar Technologies": null, "CLUSTERLABEL": 2, "n": 1, "distance": 191.58039624379472, "feature_x": 724778.57123676559, "feature_y": 5033143.9658240117, "nearest_x": 724848.99031305464, "nearest_y": 5032965.7967977487 }, "geometry": { "type": "Polygon", "coordinates": [ [ [ 724769.839852264150977, 5033149.560364847071469 ], [ 724774.752577182021923, 5033158.089729451574385 ], [ 724779.572161289979704, 5033154.758068318478763 ], [ 724780.450827072141692, 5033156.257781266234815 ], [ 724784.896208509919234, 5033153.313197125680745 ], [ 724778.571236765594222, 5033143.965824011713266 ], [ 724769.839852264150977, 5033149.560364847071469 ] ] ] } },
{ "type": "Feature", "properties": { "Height": 6.85, "Floors": 2, "End Use": "Residential", "Lower End Use": "Residential", "Upper End Use": "Residential", "Envelope": "1970-1980", "id": "0021900029", "Name": "Building 0021900029", "ExtWallCoeff": 1.0, "VolCoeff": 1.0, "Cooling System": "IdealLoad", "Heating System": "IdealLoad", "Section": "280600000219", "Section_Keys": [ "Total_Buildings", "Total_Res", "Pop_Res", "P[0000-1919]", "P[1920-1945]", "P[1946-1960]", "P[1961-1970]", "P[1971-1980]", "P[1981-1990]", "P[1991-2000]", "P[2001-2005]", "P[2006-3000]", "P[1F]", "P[2F]", "P[3F]", "P[4F+]", "P[Res]" ], "Section_Values": [ 29.0, 21.0, 287.0, 0.42857142857142855, 0.095238095238095233, 0.2857142857142857, 0.14285714285714285, 0.047619047619047616, 0.0, 0.0, 0.0, 0.0, 0.0, 0.047619047619047616, 0.2857142857142857, 0.66666666666666663, 0.72413793103448276 ], "Height Source": null, "Floor Height Source": "Default", "EndUse Source": "Default", "Envelope Source": "Default", "Cooling System Source": "Default", "Heating System Source": "Default", "Solar Technologies": null, "CLUSTERLABEL": 3, "n": 1, "distance": 235.41519352689505, "feature_x": 724662.93797752901, "feature_y": 5033185.6518767271, "nearest_x": 724770.36849972012, "nearest_y": 5033395.1250164015 }, "geometry": { "type": "Polygon", "coordinates": [ [ [ 724651.384242986910976, 5033161.70175897795707 ], [ 724647.143210900132544, 5033163.752725827507675 ], [ 724658.412334984866902, 5033185.801667449064553 ], [ 724661.757436031941324, 5033183.829938922077417 ], [ 724662.937977529014461, 5033185.651876727119088 ], [ 724706.864618968451396, 5033159.97967825923115 ], [ 724702.752364263520576, 5033152.724809017032385 ], [ 724685.434362018364482, 5033162.717930722050369 ], [ 724685.026144956238568, 5033162.30289932526648 ], [ 724675.757786877220497, 5033167.800514093600214 ], [ 724676.061114909593016, 5033168.300786001607776 ], [ 724659.53219092451036, 5033177.699245198629797 ], [ 724651.384242986910976, 5033161.70175897795707 ] ] ] } },
{ "type": "Feature", "properties": { "Height": 6.638, "Floors": 2, "End Use": "Residential", "Lower End Use": "Residential", "Upper End Use": "Residential", "Envelope": "1970-1980", "id": "0021900030", "Name": "Building 0021900030", "ExtWallCoeff": 1.0, "VolCoeff": 1.0, "Cooling System": "IdealLoad", "Heating System": "IdealLoad", "Section": "280600000219", "Section_Keys": [ "Total_Buildings", "Total_Res", "Pop_Res", "P[0000-1919]", "P[1920-1945]", "P[1946-1960]", "P[1961-1970]", "P[1971-1980]", "P[1981-1990]", "P[1991-2000]", "P[2001-2005]", "P[2006-3000]", "P[1F]", "P[2F]", "P[3F]", "P[4F+]", "P[Res]" ], "Section_Values": [ 29.0, 21.0, 287.0, 0.42857142857142855, 0.095238095238095233, 0.2857142857142857, 0.14285714285714285, 0.047619047619047616, 0.0, 0.0, 0.0, 0.0, 0.0, 0.047619047619047616, 0.2857142857142857, 0.66666666666666663, 0.72413793103448276 ], "Height Source": null, "Floor Height Source": "Default", "EndUse Source": "Default", "Envelope Source": "Default", "Cooling System Source": "Default", "Heating System Source": "Default", "Solar Technologies": null, "CLUSTERLABEL": 2, "n": 1, "distance": 202.46369233213017, "feature_x": 724710.43183664139, "feature_y": 5033113.4216443254, "nearest_x": 724848.99031305464, "nearest_y": 5032965.7967977487 }, "geometry": { "type": "Polygon", "coordinates": [ [ [ 724690.05937534943223, 5033126.67605749424547 ], [ 724697.056520520360209, 5033136.948352941311896 ], [ 724697.919445506646298, 5033138.669961143285036 ], [ 724699.75347344239708, 5033141.716595705598593 ], [ 724705.042363355867565, 5033138.624117974191904 ], [ 724701.931240763631649, 5033133.607480756938457 ], [ 724705.017107516992837, 5033131.437410238198936 ], [ 724703.144240073859692, 5033128.600733758881688 ], [ 724701.278004307998344, 5033125.79766551963985 ], [ 724703.595170071232133, 5033124.312036013230681 ], [ 724705.2717538314173, 5033126.941475802101195 ], [ 724713.339006392285228, 5033121.73468891531229 ], [ 724714.541899309842847, 5033121.176997740752995 ], [ 724710.431836641393602, 5033113.421644325368106 ], [ 724690.05937534943223, 5033126.67605749424547 ] ] ] } },
{ "type": "Feature", "properties": { "Height": 7.05, "Floors": 2, "End Use": "Residential", "Lower End Use": "Residential", "Upper End Use": "Residential", "Envelope": "1970-1980", "id": "0021900031", "Name": "Building 0021900031", "ExtWallCoeff": 1.0, "VolCoeff": 1.0, "Cooling System": "IdealLoad", "Heating System": "IdealLoad", "Section": "280600000219", "Section_Keys": [ "Total_Buildings", "Total_Res", "Pop_Res", "P[0000-1919]", "P[1920-1945]", "P[1946-1960]", "P[1961-1970]", "P[1971-1980]", "P[1981-1990]", "P[1991-2000]", "P[2001-2005]", "P[2006-3000]", "P[1F]", "P[2F]", "P[3F]", "P[4F+]", "P[Res]" ], "Section_Values": [ 29.0, 21.0, 287.0, 0.42857142857142855, 0.095238095238095233, 0.2857142857142857, 0.14285714285714285, 0.047619047619047616, 0.0, 0.0, 0.0, 0.0, 0.0, 0.047619047619047616, 0.2857142857142857, 0.66666666666666663, 0.72413793103448276 ], "Height Source": null, "Floor Height Source": "Default", "EndUse Source": "ISTAT", "Envelope Source": "Default", "Cooling System Source": "Default", "Heating System Source": "Default", "Solar Technologies": null, "CLUSTERLABEL": 2, "n": 1, "distance": 198.20754106322536, "feature_x": 724728.57775433722, "feature_y": 5033123.2358178087, "nearest_x": 724848.99031305464, "nearest_y": 5032965.7967977487 }, "geometry": { "type": "Polygon", "coordinates": [ [ [ 724717.253037341986783, 5033167.425433891825378 ], [ 724722.52530759666115, 5033163.920806724578142 ], [ 724735.661785336676985, 5033155.191047628410161 ], [ 724742.154318786459044, 5033150.86240447871387 ], [ 724740.017386258230545, 5033147.304372237063944 ], [ 724738.181459155166522, 5033143.43451448250562 ], [ 724731.050759836565703, 5033132.07841229159385 ], [ 724733.480249085696414, 5033130.51894230954349 ], [ 724732.474792993278243, 5033129.059200517833233 ], [ 724730.863362811272964, 5033126.799157646484673 ], [ 724728.577754337224178, 5033123.235817808657885 ], [ 724718.644064520020038, 5033129.810832081362605 ], [ 724711.577468328760006, 5033134.419323755428195 ], [ 724705.042363355867565, 5033138.624117974191904 ], [ 724699.75347344239708, 5033141.716595705598593 ], [ 724703.933668483281508, 5033147.728053298778832 ], [ 724717.253037341986783, 5033167.425433891825378 ] ] ] } },
{ "type": "Feature", "properties": { "Height": 9.55, "Floors": 3, "End Use": "Residential", "Lower End Use": "Residential", "Upper End Use": "Residential", "Envelope": "1970-1980", "id": "0021900032", "Name": "Building 0021900032", "ExtWallCoeff": 1.0, "VolCoeff": 1.0, "Cooling System": "IdealLoad", "Heating System": "IdealLoad", "Section": "280600000219", "Section_Keys": [ "Total_Buildings", "Total_Res", "Pop_Res", "P[0000-1919]", "P[1920-1945]", "P[1946-1960]", "P[1961-1970]", "P[1971-1980]", "P[1981-1990]", "P[1991-2000]", "P[2001-2005]", "P[2006-3000]", "P[1F]", "P[2F]", "P[3F]", "P[4F+]", "P[Res]" ], "Section_Values": [ 29.0, 21.0, 287.0, 0.42857142857142855, 0.095238095238095233, 0.2857142857142857, 0.14285714285714285, 0.047619047619047616, 0.0, 0.0, 0.0, 0.0, 0.0, 0.047619047619047616, 0.2857142857142857, 0.66666666666666663, 0.72413793103448276 ], "Height Source": null, "Floor Height Source": "Default", "EndUse Source": "ISTAT", "Envelope Source": "Default", "Cooling System Source": "Default", "Heating System Source": "Default", "Solar Technologies": null, "CLUSTERLABEL": 2, "n": 1, "distance": 194.32839066270947, "feature_x": 724717.45814173541, "feature_y": 5033108.8450809456, "nearest_x": 724848.99031305464, "nearest_y": 5032965.7967977487 }, "geometry": { "type": "Polygon", "coordinates": [ [ [ 724717.458141735405661, 5033108.845080945640802 ], [ 724710.431836641393602, 5033113.421644325368106 ], [ 724714.541899309842847, 5033121.176997740752995 ], [ 724713.339006392285228, 5033121.73468891531229 ], [ 724718.644064520020038, 5033129.810832081362605 ], [ 724728.577754337224178, 5033123.235817808657885 ], [ 724727.686880443128757, 5033121.858036085963249 ], [ 724725.756908600917086, 5033121.277390555478632 ], [ 724717.458141735405661, 5033108.845080945640802 ] ] ] } },
{ "type": "Feature", "properties": { "Height": 14.0, "Floors": 4, "End Use": "Residential", "Lower End Use": "Residential", "Upper End Use": "Residential", "Envelope": "Before 1930", "id": "0021900033", "Name": "Building 0021900033", "ExtWallCoeff": 1.0, "VolCoeff": 1.0, "Cooling System": "IdealLoad", "Heating System": "IdealLoad", "Section": "280600000219", "Section_Keys": [ "Total_Buildings", "Total_Res", "Pop_Res", "P[0000-1919]", "P[1920-1945]", "P[1946-1960]", "P[1961-1970]", "P[1971-1980]", "P[1981-1990]", "P[1991-2000]", "P[2001-2005]", "P[2006-3000]", "P[1F]", "P[2F]", "P[3F]", "P[4F+]", "P[Res]" ], "Section_Values": [ 29.0, 21.0, 287.0, 0.42857142857142855, 0.095238095238095233, 0.2857142857142857, 0.14285714285714285, 0.047619047619047616, 0.0, 0.0, 0.0, 0.0, 0.0, 0.047619047619047616, 0.2857142857142857, 0.66666666666666663, 0.72413793103448276 ], "Height Source": null, "Floor Height Source": "Default", "EndUse Source": "ISTAT", "Envelope Source": "ISTAT", "Cooling System Source": "Default", "Heating System Source": "Default", "Solar Technologies": null, "CLUSTERLABEL": 3, "n": 1, "distance": 226.90996349012642, "feature_x": 724721.02622544847, "feature_y": 5033173.6448333133, "nearest_x": 724770.36849972012, "nearest_y": 5033395.1250164015 }, "geometry": { "type": "Polygon", "coordinates": [ [ [ 724722.52530759666115, 5033163.920806724578142 ], [ 724717.253037341986783, 5033167.425433891825378 ], [ 724721.026225448469631, 5033173.644833313301206 ], [ 724732.158258170471527, 5033166.856806734576821 ], [ 724728.25178307807073, 5033160.42129020486027 ], [ 724722.52530759666115, 5033163.920806724578142 ] ] ] } },
{ "type": "Feature", "properties": { "Height": 5.9, "Floors": 2, "End Use": "Residential", "Lower End Use": "Residential", "Upper End Use": "Residential", "Envelope": "1970-1980", "id": "0021800001", "Name": "Building 0021800001", "ExtWallCoeff": 1.0, "VolCoeff": 1.0, "Cooling System": "IdealLoad", "Heating System": "IdealLoad", "Section": "280600000218", "Section_Keys": [ "Total_Buildings", "Total_Res", "Pop_Res", "P[0000-1919]", "P[1920-1945]", "P[1946-1960]", "P[1961-1970]", "P[1971-1980]", "P[1981-1990]", "P[1991-2000]", "P[2001-2005]", "P[2006-3000]", "P[1F]", "P[2F]", "P[3F]", "P[4F+]", "P[Res]" ], "Section_Values": [ 28.0, 21.0, 201.0, 0.38095238095238093, 0.23809523809523808, 0.33333333333333331, 0.047619047619047616, 0.0, 0.0, 0.0, 0.0, 0.0, 0.095238095238095233, 0.047619047619047616, 0.38095238095238093, 0.47619047619047616, 0.75 ], "Height Source": null, "Floor Height Source": "Default", "EndUse Source": "ISTAT", "Envelope Source": "Default", "Cooling System Source": "Default", "Heating System Source": "Default", "Solar Technologies": null, "CLUSTERLABEL": 0, "n": 1, "distance": 131.22411957154296, "feature_x": 724877.42216546589, "feature_y": 5033248.5015595034, "nearest_x": 724988.51626485004, "nearest_y": 5033318.3433137722 }, "geometry": { "type": "Polygon", "coordinates": [ [ [ 724867.478975764592178, 5033238.690994098782539 ], [ 724866.059530467377044, 5033236.760358716361225 ], [ 724862.589512088685296, 5033239.59515283536166 ], [ 724859.825216416269541, 5033241.754397490993142 ], [ 724855.843220661743544, 5033245.104820048436522 ], [ 724858.909287094604224, 5033249.185556763783097 ], [ 724857.179048913531005, 5033250.469643133692443 ], [ 724865.667390931863338, 5033260.873339353129268 ], [ 724866.709664498455822, 5033259.987351574935019 ], [ 724867.291666608420201, 5033259.485354482196271 ], [ 724869.200510468450375, 5033257.807209041900933 ], [ 724868.23939199920278, 5033256.204420692287385 ], [ 724877.42216546589043, 5033248.501559503376484 ], [ 724873.098313894122839, 5033242.351349994540215 ], [ 724873.593579344917089, 5033241.646027802489698 ], [ 724871.276558779994957, 5033238.526446093805134 ], [ 724868.816327536245808, 5033240.50745889544487 ], [ 724867.478975764592178, 5033238.690994098782539 ] ] ] } },
{ "type": "Feature", "properties": { "Height": 17.0, "Floors": 5, "End Use": "Residential", "Lower End Use": "Residential", "Upper End Use": "Residential", "Envelope": "1970-1980", "id": "0021800002", "Name": "Building 0021800002", "ExtWallCoeff": 1.0, "VolCoeff": 1.0, "Cooling System": "IdealLoad", "Heating System": "IdealLoad", "Section": "280600000218", "Section_Keys": [ "Total_Buildings", "Total_Res", "Pop_Res", "P[0000-1919]", "P[1920-1945]", "P[1946-1960]", "P[1961-1970]", "P[1971-1980]", "P[1981-1990]", "P[1991-2000]", "P[2001-2005]", "P[2006-3000]", "P[1F]", "P[2F]", "P[3F]", "P[4F+]", "P[Res]" ], "Section_Values": [ 28.0, 21.0, 201.0, 0.38095238095238093, 0.23809523809523808, 0.33333333333333331, 0.047619047619047616, 0.0, 0.0, 0.0, 0.0, 0.0, 0.095238095238095233, 0.047619047619047616, 0.38095238095238093, 0.47619047619047616, 0.75 ], "Height Source": null, "Floor Height Source": "Default", "EndUse Source": "ISTAT", "Envelope Source": "Default", "Cooling System Source": "Default", "Heating System Source": "Default", "Solar Technologies": null, "CLUSTERLABEL": 0, "n": 1, "distance": 118.7326583502728, "feature_x": 724915.21830119065, "feature_y": 5033224.9363938877, "nearest_x": 724988.51626485004, "nearest_y": 5033318.3433137722 }, "geometry": { "type": "Polygon", "coordinates": [ [ [ 724915.673843080410734, 5033191.826707824133337 ], [ 724908.091892988071777, 5033197.918235641904175 ], [ 724905.609629783779383, 5033200.076424979604781 ], [ 724899.298474888084456, 5033205.245658187195659 ], [ 724915.218301190645434, 5033224.936393887735903 ], [ 724923.999122332083061, 5033217.742026144638658 ], [ 724915.638222011039034, 5033206.842246972024441 ], [ 724923.107178725302219, 5033200.624327966012061 ], [ 724931.784617180470377, 5033211.435326441191137 ], [ 724941.016096818028018, 5033204.346086732111871 ], [ 724925.200110552250408, 5033184.380909394472837 ], [ 724918.344289845670573, 5033189.664128581061959 ], [ 724915.673843080410734, 5033191.826707824133337 ] ] ] } },
{ "type": "Feature", "properties": { "Height": 16.3, "Floors": 5, "End Use": "Residential", "Lower End Use": "Residential", "Upper End Use": "Residential", "Envelope": "1970-1980", "id": "0021800003", "Name": "Building 0021800003", "ExtWallCoeff": 1.0, "VolCoeff": 1.0, "Cooling System": "IdealLoad", "Heating System": "IdealLoad", "Section": "280600000218", "Section_Keys": [ "Total_Buildings", "Total_Res", "Pop_Res", "P[0000-1919]", "P[1920-1945]", "P[1946-1960]", "P[1961-1970]", "P[1971-1980]", "P[1981-1990]", "P[1991-2000]", "P[2001-2005]", "P[2006-3000]", "P[1F]", "P[2F]", "P[3F]", "P[4F+]", "P[Res]" ], "Section_Values": [ 28.0, 21.0, 201.0, 0.38095238095238093, 0.23809523809523808, 0.33333333333333331, 0.047619047619047616, 0.0, 0.0, 0.0, 0.0, 0.0, 0.095238095238095233, 0.047619047619047616, 0.38095238095238093, 0.47619047619047616, 0.75 ], "Height Source": null, "Floor Height Source": "Default", "EndUse Source": "ISTAT", "Envelope Source": "Default", "Cooling System Source": "Default", "Heating System Source": "Default", "Solar Technologies": null, "CLUSTERLABEL": 0, "n": 1, "distance": 131.33606948350237, "feature_x": 724900.06550563034, "feature_y": 5033221.2576488117, "nearest_x": 724988.51626485004, "nearest_y": 5033318.3433137722 }, "geometry": { "type": "Polygon", "coordinates": [ [ [ 724881.705222755437717, 5033215.261781504377723 ], [ 724879.817364570568316, 5033212.847204061225057 ], [ 724874.672748288139701, 5033206.645399687811732 ], [ 724872.707437804434448, 5033204.205808211117983 ], [ 724868.606462292722426, 5033207.59646453242749 ], [ 724867.346573646413162, 5033208.652648479677737 ], [ 724868.508467844338156, 5033210.118008675985038 ], [ 724869.205921876011416, 5033210.988337421789765 ], [ 724874.372422609711066, 5033217.235414029099047 ], [ 724876.41080485470593, 5033219.82222556322813 ], [ 724872.813998279860243, 5033222.696975572966039 ], [ 724883.071776900207624, 5033235.321934741921723 ], [ 724900.065505630336702, 5033221.257648811675608 ], [ 724894.37942939857021, 5033214.424667259678245 ], [ 724894.785334375803359, 5033214.027610669843853 ], [ 724890.111924566677772, 5033208.23196770157665 ], [ 724881.705222755437717, 5033215.261781504377723 ] ] ] } },
{ "type": "Feature", "properties": { "Height": 14.0, "Floors": 4, "End Use": "Residential", "Lower End Use": "Residential", "Upper End Use": "Residential", "Envelope": "1970-1980", "id": "0021800004", "Name": "Building 0021800004", "ExtWallCoeff": 1.0, "VolCoeff": 1.0, "Cooling System": "IdealLoad", "Heating System": "IdealLoad", "Section": "280600000218", "Section_Keys": [ "Total_Buildings", "Total_Res", "Pop_Res", "P[0000-1919]", "P[1920-1945]", "P[1946-1960]", "P[1961-1970]", "P[1971-1980]", "P[1981-1990]", "P[1991-2000]", "P[2001-2005]", "P[2006-3000]", "P[1F]", "P[2F]", "P[3F]", "P[4F+]", "P[Res]" ], "Section_Values": [ 28.0, 21.0, 201.0, 0.38095238095238093, 0.23809523809523808, 0.33333333333333331, 0.047619047619047616, 0.0, 0.0, 0.0, 0.0, 0.0, 0.095238095238095233, 0.047619047619047616, 0.38095238095238093, 0.47619047619047616, 0.75 ], "Height Source": null, "Floor Height Source": "Default", "EndUse Source": "ISTAT", "Envelope Source": "Default", "Cooling System Source": "Default", "Heating System Source": "Default", "Solar Technologies": null, "CLUSTERLABEL": 0, "n": 1, "distance": 98.565319168551099, "feature_x": 724925.11354466842, "feature_y": 5033242.8766508251, "nearest_x": 724988.51626485004, "nearest_y": 5033318.3433137722 }, "geometry": { "type": "Polygon", "coordinates": [ [ [ 724948.842316246591508, 5033216.394752220250666 ], [ 724944.59667983930558, 5033211.782340954057872 ], [ 724918.64006391284056, 5033235.937617178075016 ], [ 724925.113544668420218, 5033242.87665082514286 ], [ 724947.558862003847025, 5033221.83276451844722 ], [ 724948.842316246591508, 5033216.394752220250666 ] ] ] } },
{ "type": "Feature", "properties": { "Height": 12.8, "Floors": 4, "End Use": "Residential", "Lower End Use": "Residential", "Upper End Use": "Residential", "Envelope": "Before 1930", "id": "0021800005", "Name": "Building 0021800005", "ExtWallCoeff": 1.0, "VolCoeff": 1.0, "Cooling System": "IdealLoad", "Heating System": "IdealLoad", "Section": "280600000218", "Section_Keys": [ "Total_Buildings", "Total_Res", "Pop_Res", "P[0000-1919]", "P[1920-1945]", "P[1946-1960]", "P[1961-1970]", "P[1971-1980]", "P[1981-1990]", "P[1991-2000]", "P[2001-2005]", "P[2006-3000]", "P[1F]", "P[2F]", "P[3F]", "P[4F+]", "P[Res]" ], "Section_Values": [ 28.0, 21.0, 201.0, 0.38095238095238093, 0.23809523809523808, 0.33333333333333331, 0.047619047619047616, 0.0, 0.0, 0.0, 0.0, 0.0, 0.095238095238095233, 0.047619047619047616, 0.38095238095238093, 0.47619047619047616, 0.75 ], "Height Source": null, "Floor Height Source": "Default", "EndUse Source": "ISTAT", "Envelope Source": "ISTAT", "Cooling System Source": "Default", "Heating System Source": "Default", "Solar Technologies": null, "CLUSTERLABEL": 0, "n": 1, "distance": 102.47797025530031, "feature_x": 724916.56341112824, "feature_y": 5033245.3739967346, "nearest_x": 724988.51626485004, "nearest_y": 5033318.3433137722 }, "geometry": { "type": "Polygon", "coordinates": [ [ [ 724907.873224078910425, 5033233.60593450255692 ], [ 724903.595899105072021, 5033237.54643979202956 ], [ 724906.033963726484217, 5033240.347779892385006 ], [ 724901.893626373494044, 5033244.181949340738356 ], [ 724899.061422401340678, 5033241.010561881586909 ], [ 724894.593946309294552, 5033245.011013935320079 ], [ 724895.422139724018052, 5033245.730291583575308 ], [ 724897.597088191192597, 5033248.221882992424071 ], [ 724904.548549130908214, 5033256.034502611495554 ], [ 724916.563411128241569, 5033245.373996734619141 ], [ 724913.816484963404946, 5033242.227899096906185 ], [ 724914.221319849835709, 5033241.641704882495105 ], [ 724910.357745263376273, 5033237.298822915181518 ], [ 724910.986300267395563, 5033236.809617919847369 ], [ 724907.873224078910425, 5033233.60593450255692 ] ] ] } },
{ "type": "Feature", "properties": { "Height": 12.7, "Floors": 4, "End Use": "Residential", "Lower End Use": "Residential", "Upper End Use": "Residential", "Envelope": "Before 1930", "id": "0021800006", "Name": "Building 0021800006", "ExtWallCoeff": 1.0, "VolCoeff": 1.0, "Cooling System": "IdealLoad", "Heating System": "IdealLoad", "Section": "280600000218", "Section_Keys": [ "Total_Buildings", "Total_Res", "Pop_Res", "P[0000-1919]", "P[1920-1945]", "P[1946-1960]", "P[1961-1970]", "P[1971-1980]", "P[1981-1990]", "P[1991-2000]", "P[2001-2005]", "P[2006-3000]", "P[1F]", "P[2F]", "P[3F]", "P[4F+]", "P[Res]" ], "Section_Values": [ 28.0, 21.0, 201.0, 0.38095238095238093, 0.23809523809523808, 0.33333333333333331, 0.047619047619047616, 0.0, 0.0, 0.0, 0.0, 0.0, 0.095238095238095233, 0.047619047619047616, 0.38095238095238093, 0.47619047619047616, 0.75 ], "Height Source": null, "Floor Height Source": "Default", "EndUse Source": "ISTAT", "Envelope Source": "ISTAT", "Cooling System Source": "Default", "Heating System Source": "Default", "Solar Technologies": null, "CLUSTERLABEL": 0, "n": 1, "distance": 102.2601070034079, "feature_x": 724902.45443451463, "feature_y": 5033263.1120649753, "nearest_x": 724988.51626485004, "nearest_y": 5033318.3433137722 }, "geometry": { "type": "Polygon", "coordinates": [ [ [ 724877.565832159831189, 5033256.971727167256176 ], [ 724881.470797179150395, 5033261.471798421815038 ], [ 724884.455998060759157, 5033258.831025858409703 ], [ 724885.109610141371377, 5033258.298220323398709 ], [ 724887.202465568087064, 5033260.675637015141547 ], [ 724895.203327230992727, 5033269.593635029159486 ], [ 724902.454434514627792, 5033263.112064975313842 ], [ 724898.31687085959129, 5033258.325572457164526 ], [ 724892.248245588387363, 5033251.456662578508258 ], [ 724888.529624373069964, 5033247.441561419516802 ], [ 724877.565832159831189, 5033256.971727167256176 ] ] ] } },
{ "type": "Feature", "properties": { "Height": 11.2, "Floors": 3, "End Use": "Residential", "Lower End Use": "Residential", "Upper End Use": "Residential", "Envelope": "Before 1930", "id": "0021800007", "Name": "Building 0021800007", "ExtWallCoeff": 1.0, "VolCoeff": 1.0, "Cooling System": "IdealLoad", "Heating System": "IdealLoad", "Section": "280600000218", "Section_Keys": [ "Total_Buildings", "Total_Res", "Pop_Res", "P[0000-1919]", "P[1920-1945]", "P[1946-1960]", "P[1961-1970]", "P[1971-1980]", "P[1981-1990]", "P[1991-2000]", "P[2001-2005]", "P[2006-3000]", "P[1F]", "P[2F]", "P[3F]", "P[4F+]", "P[Res]" ], "Section_Values": [ 28.0, 21.0, 201.0, 0.38095238095238093, 0.23809523809523808, 0.33333333333333331, 0.047619047619047616, 0.0, 0.0, 0.0, 0.0, 0.0, 0.095238095238095233, 0.047619047619047616, 0.38095238095238093, 0.47619047619047616, 0.75 ], "Height Source": null, "Floor Height Source": "Default", "EndUse Source": "ISTAT", "Envelope Source": "ISTAT", "Cooling System Source": "Default", "Heating System Source": "Default", "Solar Technologies": null, "CLUSTERLABEL": 0, "n": 1, "distance": 112.85242327890342, "feature_x": 724883.67212102679, "feature_y": 5033276.589572073, "nearest_x": 724988.51626485004, "nearest_y": 5033318.3433137722 }, "geometry": { "type": "Polygon", "coordinates": [ [ [ 724866.14098762627691, 5033276.329775501973927 ], [ 724875.472682264749892, 5033286.808138566091657 ], [ 724879.403869694564492, 5033283.344676779583097 ], [ 724877.982729349285364, 5033281.680942467413843 ], [ 724879.644136992865242, 5033280.349906495772302 ], [ 724882.982447530492209, 5033277.2545708687976 ], [ 724883.672121026786044, 5033276.589572072960436 ], [ 724875.111186505062506, 5033266.683812270872295 ], [ 724868.84642527916003, 5033272.310795107856393 ], [ 724869.420672962558456, 5033273.1211012089625 ], [ 724866.14098762627691, 5033276.329775501973927 ] ] ] } },
{ "type": "Feature", "properties": { "Height": 10.0, "Floors": 3, "End Use": "Residential", "Lower End Use": "Residential", "Upper End Use": "Residential", "Envelope": "1970-1980", "id": "0021800008", "Name": "Building 0021800008", "ExtWallCoeff": 1.0, "VolCoeff": 1.0, "Cooling System": "IdealLoad", "Heating System": "IdealLoad", "Section": "280600000218", "Section_Keys": [ "Total_Buildings", "Total_Res", "Pop_Res", "P[0000-1919]", "P[1920-1945]", "P[1946-1960]", "P[1961-1970]", "P[1971-1980]", "P[1981-1990]", "P[1991-2000]", "P[2001-2005]", "P[2006-3000]", "P[1F]", "P[2F]", "P[3F]", "P[4F+]", "P[Res]" ], "Section_Values": [ 28.0, 21.0, 201.0, 0.38095238095238093, 0.23809523809523808, 0.33333333333333331, 0.047619047619047616, 0.0, 0.0, 0.0, 0.0, 0.0, 0.095238095238095233, 0.047619047619047616, 0.38095238095238093, 0.47619047619047616, 0.75 ], "Height Source": null, "Floor Height Source": "Default", "EndUse Source": "ISTAT", "Envelope Source": "Default", "Cooling System Source": "Default", "Heating System Source": "Default", "Solar Technologies": null, "CLUSTERLABEL": 3, "n": 1, "distance": 54.001481468661979, "feature_x": 724803.40485425072, "feature_y": 5033352.4078151807, "nearest_x": 724770.36849972012, "nearest_y": 5033395.1250164015 }, "geometry": { "type": "Polygon", "coordinates": [ [ [ 724798.999878336326219, 5033346.555091239511967 ], [ 724803.404854250722565, 5033352.407815180718899 ], [ 724812.053002870292403, 5033344.752502832561731 ], [ 724807.449927939102054, 5033339.181903585791588 ], [ 724804.277934246463701, 5033341.571312525309622 ], [ 724803.093772941967472, 5033340.07179647590965 ], [ 724800.364688360481523, 5033342.343557316809893 ], [ 724801.548452668590471, 5033343.854182208888233 ], [ 724798.999878336326219, 5033346.555091239511967 ] ] ] } },
{ "type": "Feature", "properties": { "Height": 10.6, "Floors": 3, "End Use": "Residential", "Lower End Use": "Residential", "Upper End Use": "Residential", "Envelope": "Before 1930", "id": "0021800009", "Name": "Building 0021800009", "ExtWallCoeff": 1.0, "VolCoeff": 1.0, "Cooling System": "IdealLoad", "Heating System": "IdealLoad", "Section": "280600000218", "Section_Keys": [ "Total_Buildings", "Total_Res", "Pop_Res", "P[0000-1919]", "P[1920-1945]", "P[1946-1960]", "P[1961-1970]", "P[1971-1980]", "P[1981-1990]", "P[1991-2000]", "P[2001-2005]", "P[2006-3000]", "P[1F]", "P[2F]", "P[3F]", "P[4F+]", "P[Res]" ], "Section_Values": [ 28.0, 21.0, 201.0, 0.38095238095238093, 0.23809523809523808, 0.33333333333333331, 0.047619047619047616, 0.0, 0.0, 0.0, 0.0, 0.0, 0.095238095238095233, 0.047619047619047616, 0.38095238095238093, 0.47619047619047616, 0.75 ], "Height Source": null, "Floor Height Source": "Default", "EndUse Source": "ISTAT", "Envelope Source": "ISTAT", "Cooling System Source": "Default", "Heating System Source": "Default", "Solar Technologies": null, "CLUSTERLABEL": 3, "n": 1, "distance": 91.667961125284862, "feature_x": 724831.76907918742, "feature_y": 5033327.0589900892, "nearest_x": 724770.36849972012, "nearest_y": 5033395.1250164015 }, "geometry": { "type": "Polygon", "coordinates": [ [ [ 724827.046699607744813, 5033322.196018762886524 ], [ 724831.769079187419266, 5033327.058990089222789 ], [ 724840.114184731384739, 5033319.993549681268632 ], [ 724839.833794897422194, 5033319.071393191814423 ], [ 724835.696663323324174, 5033314.930123766884208 ], [ 724832.772234061383642, 5033317.40623570419848 ], [ 724831.296083900495432, 5033316.185487731359899 ], [ 724829.265935439267196, 5033317.970541694201529 ], [ 724830.454345009289682, 5033319.570326631888747 ], [ 724827.046699607744813, 5033322.196018762886524 ] ] ] } },
{ "type": "Feature", "properties": { "Height": 9.575, "Floors": 3, "End Use": "Residential", "Lower End Use": "Residential", "Upper End Use": "Residential", "Envelope": "Before 1930", "id": "0021800010", "Name": "Building 0021800010", "ExtWallCoeff": 1.0, "VolCoeff": 1.0, "Cooling System": "IdealLoad", "Heating System": "IdealLoad", "Section": "280600000218", "Section_Keys": [ "Total_Buildings", "Total_Res", "Pop_Res", "P[0000-1919]", "P[1920-1945]", "P[1946-1960]", "P[1961-1970]", "P[1971-1980]", "P[1981-1990]", "P[1991-2000]", "P[2001-2005]", "P[2006-3000]", "P[1F]", "P[2F]", "P[3F]", "P[4F+]", "P[Res]" ], "Section_Values": [ 28.0, 21.0, 201.0, 0.38095238095238093, 0.23809523809523808, 0.33333333333333331, 0.047619047619047616, 0.0, 0.0, 0.0, 0.0, 0.0, 0.095238095238095233, 0.047619047619047616, 0.38095238095238093, 0.47619047619047616, 0.75 ], "Height Source": null, "Floor Height Source": "Default", "EndUse Source": "ISTAT", "Envelope Source": "ISTAT", "Cooling System Source": "Default", "Heating System Source": "Default", "Solar Technologies": null, "CLUSTERLABEL": 3, "n": 1, "distance": 103.00281956040763, "feature_x": 724839.83379489742, "feature_y": 5033319.0713931918, "nearest_x": 724770.36849972012, "nearest_y": 5033395.1250164015 }, "geometry": { "type": "Polygon", "coordinates": [ [ [ 724835.248910917318426, 5033313.868501321412623 ], [ 724835.696663323324174, 5033314.930123766884208 ], [ 724839.833794897422194, 5033319.071393191814423 ], [ 724842.697343220468611, 5033316.326142283156514 ], [ 724844.277623684261926, 5033318.140164716169238 ], [ 724846.803588403621688, 5033316.072506456635892 ], [ 724845.321445139823481, 5033314.362104161642492 ], [ 724848.456851735245436, 5033311.68219325132668 ], [ 724843.952591579407454, 5033306.415436277166009 ], [ 724841.401286213891581, 5033308.315336466766894 ], [ 724837.837840971304104, 5033304.561654453165829 ], [ 724834.594369195634499, 5033307.415683939121664 ], [ 724837.865029464941472, 5033311.47035601362586 ], [ 724835.248910917318426, 5033313.868501321412623 ] ] ] } },
{ "type": "Feature", "properties": { "Height": 8.0, "Floors": 2, "End Use": "Residential", "Lower End Use": "Residential", "Upper End Use": "Residential", "Envelope": "1970-1980", "id": "0021800011", "Name": "Building 0021800011", "ExtWallCoeff": 1.0, "VolCoeff": 1.0, "Cooling System": "IdealLoad", "Heating System": "IdealLoad", "Section": "280600000218", "Section_Keys": [ "Total_Buildings", "Total_Res", "Pop_Res", "P[0000-1919]", "P[1920-1945]", "P[1946-1960]", "P[1961-1970]", "P[1971-1980]", "P[1981-1990]", "P[1991-2000]", "P[2001-2005]", "P[2006-3000]", "P[1F]", "P[2F]", "P[3F]", "P[4F+]", "P[Res]" ], "Section_Values": [ 28.0, 21.0, 201.0, 0.38095238095238093, 0.23809523809523808, 0.33333333333333331, 0.047619047619047616, 0.0, 0.0, 0.0, 0.0, 0.0, 0.095238095238095233, 0.047619047619047616, 0.38095238095238093, 0.47619047619047616, 0.75 ], "Height Source": null, "Floor Height Source": "Default", "EndUse Source": "Default", "Envelope Source": "Default", "Cooling System Source": "Default", "Heating System Source": "Default", "Solar Technologies": null, "CLUSTERLABEL": 3, "n": 1, "distance": 120.86062653899657, "feature_x": 724854.39996847522, "feature_y": 5033308.2572818492, "nearest_x": 724770.36849972012, "nearest_y": 5033395.1250164015 }, "geometry": { "type": "Polygon", "coordinates": [ [ [ 724858.706046472303569, 5033290.802650450728834 ], [ 724848.097749320673756, 5033300.034110995009542 ], [ 724851.841577733401209, 5033304.439414968714118 ], [ 724851.538861575420015, 5033305.018140197731555 ], [ 724854.399968475219794, 5033308.25728184916079 ], [ 724865.611350392224267, 5033298.591330260038376 ], [ 724858.706046472303569, 5033290.802650450728834 ] ] ] } },
{ "type": "Feature", "properties": { "Height": 6.0, "Floors": 2, "End Use": "Residential", "Lower End Use": "Residential", "Upper End Use": "Residential", "Envelope": "1970-1980", "id": "0021800012", "Name": "Building 0021800012", "ExtWallCoeff": 1.0, "VolCoeff": 1.0, "Cooling System": "IdealLoad", "Heating System": "IdealLoad", "Section": "280600000218", "Section_Keys": [ "Total_Buildings", "Total_Res", "Pop_Res", "P[0000-1919]", "P[1920-1945]", "P[1946-1960]", "P[1961-1970]", "P[1971-1980]", "P[1981-1990]", "P[1991-2000]", "P[2001-2005]", "P[2006-3000]", "P[1F]", "P[2F]", "P[3F]", "P[4F+]", "P[Res]" ], "Section_Values": [ 28.0, 21.0, 201.0, 0.38095238095238093, 0.23809523809523808, 0.33333333333333331, 0.047619047619047616, 0.0, 0.0, 0.0, 0.0, 0.0, 0.095238095238095233, 0.047619047619047616, 0.38095238095238093, 0.47619047619047616, 0.75 ], "Height Source": null, "Floor Height Source": "Default", "EndUse Source": "ISTAT", "Envelope Source": "Default", "Cooling System Source": "Default", "Heating System Source": "Default", "Solar Technologies": null, "CLUSTERLABEL": 3, "n": 1, "distance": 59.514090293888529, "feature_x": 724761.52161198889, "feature_y": 5033336.2721530814, "nearest_x": 724770.36849972012, "nearest_y": 5033395.1250164015 }, "geometry": { "type": "Polygon", "coordinates": [ [ [ 724749.665621719090268, 5033326.059704362414777 ], [ 724752.773700777092017, 5033331.376603386364877 ], [ 724751.041358232498169, 5033332.282440133392811 ], [ 724751.75649214477744, 5033333.754059360362589 ], [ 724758.696981691289693, 5033329.819653922691941 ], [ 724759.877744690980762, 5033331.85296962223947 ], [ 724759.073510483140126, 5033332.436021437868476 ], [ 724761.52161198889371, 5033336.27215308137238 ], [ 724763.526999738998711, 5033335.398325100541115 ], [ 724768.36527633597143, 5033331.978343860246241 ], [ 724760.919444741215557, 5033319.365084188058972 ], [ 724749.665621719090268, 5033326.059704362414777 ] ] ] } },
{ "type": "Feature", "properties": { "Height": 7.7, "Floors": 2, "End Use": "Residential", "Lower End Use": "Residential", "Upper End Use": "Residential", "Envelope": "1970-1980", "id": "0021800013", "Name": "Building 0021800013", "ExtWallCoeff": 1.0, "VolCoeff": 1.0, "Cooling System": "IdealLoad", "Heating System": "IdealLoad", "Section": "280600000218", "Section_Keys": [ "Total_Buildings", "Total_Res", "Pop_Res", "P[0000-1919]", "P[1920-1945]", "P[1946-1960]", "P[1961-1970]", "P[1971-1980]", "P[1981-1990]", "P[1991-2000]", "P[2001-2005]", "P[2006-3000]", "P[1F]", "P[2F]", "P[3F]", "P[4F+]", "P[Res]" ], "Section_Values": [ 28.0, 21.0, 201.0, 0.38095238095238093, 0.23809523809523808, 0.33333333333333331, 0.047619047619047616, 0.0, 0.0, 0.0, 0.0, 0.0, 0.095238095238095233, 0.047619047619047616, 0.38095238095238093, 0.47619047619047616, 0.75 ], "Height Source": null, "Floor Height Source": "Default", "EndUse Source": "ISTAT", "Envelope Source": "Default", "Cooling System Source": "Default", "Heating System Source": "Default", "Solar Technologies": null, "CLUSTERLABEL": 3, "n": 1, "distance": 91.728425791303707, "feature_x": 724807.15351044072, "feature_y": 5033311.0954556242, "nearest_x": 724770.36849972012, "nearest_y": 5033395.1250164015 }, "geometry": { "type": "Polygon", "coordinates": [ [ [ 724793.68496574414894, 5033294.273506333120167 ], [ 724794.324076928663999, 5033295.241853378713131 ], [ 724799.085825184010901, 5033301.196312231943011 ], [ 724807.153510440723039, 5033311.095455624163151 ], [ 724813.043063349323347, 5033306.100170805118978 ], [ 724809.159410060383379, 5033301.22270398773253 ], [ 724811.587906126631424, 5033299.251659756526351 ], [ 724815.359759000712074, 5033303.969401614740491 ], [ 724818.861018041498028, 5033301.13570197019726 ], [ 724818.472716749180108, 5033300.821484548971057 ], [ 724822.115605402505025, 5033297.970602518878877 ], [ 724818.560442789341323, 5033293.32734436262399 ], [ 724817.841865121386945, 5033293.924575063399971 ], [ 724808.589162796270102, 5033281.891829303465784 ], [ 724793.68496574414894, 5033294.273506333120167 ] ] ] } },
{ "type": "Feature", "properties": { "Height": 10.7, "Floors": 3, "End Use": "Residential", "Lower End Use": "Residential", "Upper End Use": "Residential", "Envelope": "Before 1930", "id": "0021800014", "Name": "Building 0021800014", "ExtWallCoeff": 1.0, "VolCoeff": 1.0, "Cooling System": "IdealLoad", "Heating System": "IdealLoad", "Section": "280600000218", "Section_Keys": [ "Total_Buildings", "Total_Res", "Pop_Res", "P[0000-1919]", "P[1920-1945]", "P[1946-1960]", "P[1961-1970]", "P[1971-1980]", "P[1981-1990]", "P[1991-2000]", "P[2001-2005]", "P[2006-3000]", "P[1F]", "P[2F]", "P[3F]", "P[4F+]", "P[Res]" ], "Section_Values": [ 28.0, 21.0, 201.0, 0.38095238095238093, 0.23809523809523808, 0.33333333333333331, 0.047619047619047616, 0.0, 0.0, 0.0, 0.0, 0.0, 0.095238095238095233, 0.047619047619047616, 0.38095238095238093, 0.47619047619047616, 0.75 ], "Height Source": null, "Floor Height Source": "Default", "EndUse Source": "ISTAT", "Envelope Source": "ISTAT", "Cooling System Source": "Default", "Heating System Source": "Default", "Solar Technologies": null, "CLUSTERLABEL": 3, "n": 1, "distance": 120.17013660322621, "feature_x": 724824.82223751885, "feature_y": 5033288.0005459432, "nearest_x": 724770.36849972012, "nearest_y": 5033395.1250164015 }, "geometry": { "type": "Polygon", "coordinates": [ [ [ 724826.571366098360159, 5033270.409994116052985 ], [ 724816.987439777818508, 5033278.599142340943217 ], [ 724824.822237518848851, 5033288.000545943155885 ], [ 724828.160952016012743, 5033285.55036414694041 ], [ 724829.045384117867798, 5033286.449620444327593 ], [ 724831.876214289804921, 5033284.181507339701056 ], [ 724830.892969364649616, 5033282.978381972759962 ], [ 724834.430706034647301, 5033280.001387640833855 ], [ 724829.681719766696915, 5033274.347693408839405 ], [ 724826.571366098360159, 5033270.409994116052985 ] ] ] } },
{ "type": "Feature", "properties": { "Height": 6.3, "Floors": 2, "End Use": "Residential", "Lower End Use": "Residential", "Upper End Use": "Residential", "Envelope": "1970-1980", "id": "0021800015", "Name": "Building 0021800015", "ExtWallCoeff": 1.0, "VolCoeff": 1.0, "Cooling System": "IdealLoad", "Heating System": "IdealLoad", "Section": "280600000218", "Section_Keys": [ "Total_Buildings", "Total_Res", "Pop_Res", "P[0000-1919]", "P[1920-1945]", "P[1946-1960]", "P[1961-1970]", "P[1971-1980]", "P[1981-1990]", "P[1991-2000]", "P[2001-2005]", "P[2006-3000]", "P[1F]", "P[2F]", "P[3F]", "P[4F+]", "P[Res]" ], "Section_Values": [ 28.0, 21.0, 201.0, 0.38095238095238093, 0.23809523809523808, 0.33333333333333331, 0.047619047619047616, 0.0, 0.0, 0.0, 0.0, 0.0, 0.095238095238095233, 0.047619047619047616, 0.38095238095238093, 0.47619047619047616, 0.75 ], "Height Source": null, "Floor Height Source": "Default", "EndUse Source": "ISTAT", "Envelope Source": "Default", "Cooling System Source": "Default", "Heating System Source": "Default", "Solar Technologies": null, "CLUSTERLABEL": 0, "n": 1, "distance": 143.07810290029963, "feature_x": 724855.6128186991, "feature_y": 5033265.3525831606, "nearest_x": 724988.51626485004, "nearest_y": 5033318.3433137722 }, "geometry": { "type": "Polygon", "coordinates": [ [ [ 724834.455830475897528, 5033260.89201539196074 ], [ 724841.544803233467974, 5033269.899698167107999 ], [ 724847.305024082073942, 5033265.455995104275644 ], [ 724850.450913726352155, 5033269.495087893679738 ], [ 724855.612818699097261, 5033265.352583160623908 ], [ 724849.69408864271827, 5033257.576944553293288 ], [ 724850.303413740708493, 5033257.187158454209566 ], [ 724848.930515417363495, 5033255.269314714707434 ], [ 724850.429880626383238, 5033254.08820731472224 ], [ 724847.480933167971671, 5033250.456604580394924 ], [ 724834.455830475897528, 5033260.89201539196074 ] ] ] } },
{ "type": "Feature", "properties": { "Height": 6.8, "Floors": 2, "End Use": "Residential", "Lower End Use": "Residential", "Upper End Use": "Residential", "Envelope": "Before 1930", "id": "0021800016", "Name": "Building 0021800016", "ExtWallCoeff": 1.0, "VolCoeff": 1.0, "Cooling System": "IdealLoad", "Heating System": "IdealLoad", "Section": "280600000218", "Section_Keys": [ "Total_Buildings", "Total_Res", "Pop_Res", "P[0000-1919]", "P[1920-1945]", "P[1946-1960]", "P[1961-1970]", "P[1971-1980]", "P[1981-1990]", "P[1991-2000]", "P[2001-2005]", "P[2006-3000]", "P[1F]", "P[2F]", "P[3F]", "P[4F+]", "P[Res]" ], "Section_Values": [ 28.0, 21.0, 201.0, 0.38095238095238093, 0.23809523809523808, 0.33333333333333331, 0.047619047619047616, 0.0, 0.0, 0.0, 0.0, 0.0, 0.095238095238095233, 0.047619047619047616, 0.38095238095238093, 0.47619047619047616, 0.75 ], "Height Source": null, "Floor Height Source": "Default", "EndUse Source": "ISTAT", "Envelope Source": "ISTAT", "Cooling System Source": "Default", "Heating System Source": "Default", "Solar Technologies": null, "CLUSTERLABEL": 3, "n": 1, "distance": 66.760510370864978, "feature_x": 724774.91275742499, "feature_y": 5033328.5193449697, "nearest_x": 724770.36849972012, "nearest_y": 5033395.1250164015 }, "geometry": { "type": "Polygon", "coordinates": [ [ [ 724768.752305439207703, 5033317.642797621898353 ], [ 724774.912757424986921, 5033328.519344969652593 ], [ 724777.239800079725683, 5033326.756010177545249 ], [ 724797.288806679658592, 5033311.143273902125657 ], [ 724789.521080821519718, 5033301.399472263641655 ], [ 724768.752305439207703, 5033317.642797621898353 ] ] ] } },
{ "type": "Feature", "properties": { "Height": 10.6, "Floors": 3, "End Use": "Residential", "Lower End Use": "Residential", "Upper End Use": "Residential", "Envelope": "1970-1980", "id": "0021800017", "Name": "Building 0021800017", "ExtWallCoeff": 1.0, "VolCoeff": 1.0, "Cooling System": "IdealLoad", "Heating System": "IdealLoad", "Section": "280600000218", "Section_Keys": [ "Total_Buildings", "Total_Res", "Pop_Res", "P[0000-1919]", "P[1920-1945]", "P[1946-1960]", "P[1961-1970]", "P[1971-1980]", "P[1981-1990]", "P[1991-2000]", "P[2001-2005]", "P[2006-3000]", "P[1F]", "P[2F]", "P[3F]", "P[4F+]", "P[Res]" ], "Section_Values": [ 28.0, 21.0, 201.0, 0.38095238095238093, 0.23809523809523808, 0.33333333333333331, 0.047619047619047616, 0.0, 0.0, 0.0, 0.0, 0.0, 0.095238095238095233, 0.047619047619047616, 0.38095238095238093, 0.47619047619047616, 0.75 ], "Height Source": null, "Floor Height Source": "Default", "EndUse Source": "ISTAT", "Envelope Source": "Default", "Cooling System Source": "Default", "Heating System Source": "Default", "Solar Technologies": null, "CLUSTERLABEL": 3, "n": 1, "distance": 22.752399059502125, "feature_x": 724775.00472279638, "feature_y": 5033372.8499833252, "nearest_x": 724770.36849972012, "nearest_y": 5033395.1250164015 }, "geometry": { "type": "Polygon", "coordinates": [ [ [ 724769.845462231896818, 5033345.579732227139175 ], [ 724765.722584425006062, 5033348.49135054089129 ], [ 724762.429282623110339, 5033350.987678916193545 ], [ 724774.075294805574231, 5033371.237218565307558 ], [ 724775.00472279638052, 5033372.849983325228095 ], [ 724787.320631138863973, 5033363.178892840631306 ], [ 724774.958088419632986, 5033341.935967465862632 ], [ 724769.845462231896818, 5033345.579732227139175 ] ] ] } },
{ "type": "Feature", "properties": { "Height": 10.45, "Floors": 3, "End Use": "Residential", "Lower End Use": "Residential", "Upper End Use": "Residential", "Envelope": "Before 1930", "id": "0021800018", "Name": "Building 0021800018", "ExtWallCoeff": 1.0, "VolCoeff": 1.0, "Cooling System": "IdealLoad", "Heating System": "IdealLoad", "Section": "280600000218", "Section_Keys": [ "Total_Buildings", "Total_Res", "Pop_Res", "P[0000-1919]", "P[1920-1945]", "P[1946-1960]", "P[1961-1970]", "P[1971-1980]", "P[1981-1990]", "P[1991-2000]", "P[2001-2005]", "P[2006-3000]", "P[1F]", "P[2F]", "P[3F]", "P[4F+]", "P[Res]" ], "Section_Values": [ 28.0, 21.0, 201.0, 0.38095238095238093, 0.23809523809523808, 0.33333333333333331, 0.047619047619047616, 0.0, 0.0, 0.0, 0.0, 0.0, 0.095238095238095233, 0.047619047619047616, 0.38095238095238093, 0.47619047619047616, 0.75 ], "Height Source": null, "Floor Height Source": "Default", "EndUse Source": "Default", "Envelope Source": "ISTAT", "Cooling System Source": "Default", "Heating System Source": "Default", "Solar Technologies": null, "CLUSTERLABEL": 3, "n": 1, "distance": 65.356386331273555, "feature_x": 724812.79711288761, "feature_y": 5033345.4131464008, "nearest_x": 724770.36849972012, "nearest_y": 5033395.1250164015 }, "geometry": { "type": "Polygon", "coordinates": [ [ [ 724814.254222173476592, 5033330.292706280946732 ], [ 724806.095068463589996, 5033337.197972036898136 ], [ 724807.449927939102054, 5033339.181903585791588 ], [ 724812.053002870292403, 5033344.752502832561731 ], [ 724812.797112887608819, 5033345.413146400824189 ], [ 724832.025122363120317, 5033328.881283923052251 ], [ 724832.344436091487296, 5033328.71472296398133 ], [ 724831.769079187419266, 5033327.058990089222789 ], [ 724827.046699607744813, 5033322.196018762886524 ], [ 724825.703676652628928, 5033320.757560336962342 ], [ 724814.254222173476592, 5033330.292706280946732 ] ] ] } },
{ "type": "Feature", "properties": { "Height": 6.15, "Floors": 2, "End Use": "Residential", "Lower End Use": "Residential", "Upper End Use": "Residential", "Envelope": "1970-1980", "id": "0021800019", "Name": "Building 0021800019", "ExtWallCoeff": 1.0, "VolCoeff": 1.0, "Cooling System": "IdealLoad", "Heating System": "IdealLoad", "Section": "280600000218", "Section_Keys": [ "Total_Buildings", "Total_Res", "Pop_Res", "P[0000-1919]", "P[1920-1945]", "P[1946-1960]", "P[1961-1970]", "P[1971-1980]", "P[1981-1990]", "P[1991-2000]", "P[2001-2005]", "P[2006-3000]", "P[1F]", "P[2F]", "P[3F]", "P[4F+]", "P[Res]" ], "Section_Values": [ 28.0, 21.0, 201.0, 0.38095238095238093, 0.23809523809523808, 0.33333333333333331, 0.047619047619047616, 0.0, 0.0, 0.0, 0.0, 0.0, 0.095238095238095233, 0.047619047619047616, 0.38095238095238093, 0.47619047619047616, 0.75 ], "Height Source": null, "Floor Height Source": "Default", "EndUse Source": "ISTAT", "Envelope Source": "Default", "Cooling System Source": "Default", "Heating System Source": "Default", "Solar Technologies": null, "CLUSTERLABEL": 3, "n": 1, "distance": 43.34812383307365, "feature_x": 724793.97266058833, "feature_y": 5033358.7670265017, "nearest_x": 724770.36849972012, "nearest_y": 5033395.1250164015 }, "geometry": { "type": "Polygon", "coordinates": [ [ [ 724785.86385081789922, 5033335.774005166254938 ], [ 724784.130194840603508, 5033336.935627834871411 ], [ 724781.128032075590454, 5033332.601369604468346 ], [ 724777.250580733059905, 5033335.221417807042599 ], [ 724779.597194476984441, 5033338.608987806364894 ], [ 724780.39238455449231, 5033339.59403602220118 ], [ 724785.929656015010551, 5033350.370457977056503 ], [ 724787.560653067659587, 5033350.984934925101697 ], [ 724793.972660588333383, 5033358.767026501707733 ], [ 724797.201513648265973, 5033356.101556846871972 ], [ 724797.697521937312558, 5033356.909059670753777 ], [ 724803.404854250722565, 5033352.407815180718899 ], [ 724798.999878336326219, 5033346.555091239511967 ], [ 724798.108818995649926, 5033345.622231193818152 ], [ 724794.801442371448502, 5033348.073546325787902 ], [ 724793.221156974905171, 5033346.259536474011838 ], [ 724793.615649584447965, 5033345.962178356014192 ], [ 724785.86385081789922, 5033335.774005166254938 ] ] ] } },
{ "type": "Feature", "properties": { "Height": 9.15, "Floors": 3, "End Use": "Residential", "Lower End Use": "Residential", "Upper End Use": "Residential", "Envelope": "Before 1930", "id": "0022000001", "Name": "Building 0022000001", "ExtWallCoeff": 1.0, "VolCoeff": 1.0, "Cooling System": "IdealLoad", "Heating System": "IdealLoad", "Section": "280600000220", "Section_Keys": [ "Total_Buildings", "Total_Res", "Pop_Res", "P[0000-1919]", "P[1920-1945]", "P[1946-1960]", "P[1961-1970]", "P[1971-1980]", "P[1981-1990]", "P[1991-2000]", "P[2001-2005]", "P[2006-3000]", "P[1F]", "P[2F]", "P[3F]", "P[4F+]", "P[Res]" ], "Section_Values": [ 16.0, 15.0, 79.0, 0.93333333333333335, 0.0, 0.0, 0.066666666666666666, 0.0, 0.0, 0.0, 0.0, 0.0, 0.066666666666666666, 0.33333333333333331, 0.53333333333333333, 0.066666666666666666, 0.9375 ], "Height Source": null, "Floor Height Source": "Default", "EndUse Source": "ISTAT", "Envelope Source": "ISTAT", "Cooling System Source": "Default", "Heating System Source": "Default", "Solar Technologies": null, "CLUSTERLABEL": 2, "n": 1, "distance": 156.38410745123517, "feature_x": 724773.68694218108, "feature_y": 5033102.8566073151, "nearest_x": 724848.99031305464, "nearest_y": 5032965.7967977487 }, "geometry": { "type": "Polygon", "coordinates": [ [ [ 724773.686942181084305, 5033102.856607315130532 ], [ 724767.504481836222112, 5033106.617879902012646 ], [ 724772.3790164537495, 5033116.436205776408315 ], [ 724773.681436774902977, 5033118.573980614542961 ], [ 724776.978077930398285, 5033116.645070625469089 ], [ 724781.03021553659346, 5033114.620805392973125 ], [ 724773.686942181084305, 5033102.856607315130532 ] ] ] } },
{ "type": "Feature", "properties": { "Height": 5.567, "Floors": 2, "End Use": "Residential", "Lower End Use": "Residential", "Upper End Use": "Residential", "Envelope": "Before 1930", "id": "0022000002", "Name": "Building 0022000002", "ExtWallCoeff": 1.0, "VolCoeff": 1.0, "Cooling System": "IdealLoad", "Heating System": "IdealLoad", "Section": "280600000220", "Section_Keys": [ "Total_Buildings", "Total_Res", "Pop_Res", "P[0000-1919]", "P[1920-1945]", "P[1946-1960]", "P[1961-1970]", "P[1971-1980]", "P[1981-1990]", "P[1991-2000]", "P[2001-2005]", "P[2006-3000]", "P[1F]", "P[2F]", "P[3F]", "P[4F+]", "P[Res]" ], "Section_Values": [ 16.0, 15.0, 79.0, 0.93333333333333335, 0.0, 0.0, 0.066666666666666666, 0.0, 0.0, 0.0, 0.0, 0.0, 0.066666666666666666, 0.33333333333333331, 0.53333333333333333, 0.066666666666666666, 0.9375 ], "Height Source": null, "Floor Height Source": "Default", "EndUse Source": "ISTAT", "Envelope Source": "ISTAT", "Cooling System Source": "Default", "Heating System Source": "Default", "Solar Technologies": null, "CLUSTERLABEL": 2, "n": 1, "distance": 133.12882801350355, "feature_x": 724796.93346916628, "feature_y": 5033088.3258549254, "nearest_x": 724848.99031305464, "nearest_y": 5032965.7967977487 }, "geometry": { "type": "Polygon", "coordinates": [ [ [ 724788.095117548713461, 5033094.061159193515778 ], [ 724794.375218587345444, 5033104.007606186904013 ], [ 724797.586042172973976, 5033101.630696726031601 ], [ 724798.179935812600888, 5033102.33046106249094 ], [ 724801.098528881557286, 5033100.677262099459767 ], [ 724804.876729366136715, 5033106.974757850170135 ], [ 724806.831115609849803, 5033105.776532508432865 ], [ 724796.933469166280702, 5033088.325854925438762 ], [ 724788.095117548713461, 5033094.061159193515778 ] ] ] } },
{ "type": "Feature", "properties": { "Height": 6.4, "Floors": 2, "End Use": "Residential", "Lower End Use": "Residential", "Upper End Use": "Residential", "Envelope": "Before 1930", "id": "0022000003", "Name": "Building 0022000003", "ExtWallCoeff": 1.0, "VolCoeff": 1.0, "Cooling System": "IdealLoad", "Heating System": "IdealLoad", "Section": "280600000220", "Section_Keys": [ "Total_Buildings", "Total_Res", "Pop_Res", "P[0000-1919]", "P[1920-1945]", "P[1946-1960]", "P[1961-1970]", "P[1971-1980]", "P[1981-1990]", "P[1991-2000]", "P[2001-2005]", "P[2006-3000]", "P[1F]", "P[2F]", "P[3F]", "P[4F+]", "P[Res]" ], "Section_Values": [ 16.0, 15.0, 79.0, 0.93333333333333335, 0.0, 0.0, 0.066666666666666666, 0.0, 0.0, 0.0, 0.0, 0.0, 0.066666666666666666, 0.33333333333333331, 0.53333333333333333, 0.066666666666666666, 0.9375 ], "Height Source": null, "Floor Height Source": "Default", "EndUse Source": "ISTAT", "Envelope Source": "ISTAT", "Cooling System Source": "Default", "Heating System Source": "Default", "Solar Technologies": null, "CLUSTERLABEL": 2, "n": 1, "distance": 141.98581356094499, "feature_x": 724788.09511754871, "feature_y": 5033094.0611591935, "nearest_x": 724848.99031305464, "nearest_y": 5032965.7967977487 }, "geometry": { "type": "Polygon", "coordinates": [ [ [ 724788.095117548713461, 5033094.061159193515778 ], [ 724780.795685488032177, 5033098.605639664456248 ], [ 724788.521076861070469, 5033111.295635117217898 ], [ 724790.252680324250832, 5033114.13841359410435 ], [ 724797.228412073105574, 5033109.882710312493145 ], [ 724797.894502011826262, 5033109.439329725690186 ], [ 724796.948590980959125, 5033107.848222686909139 ], [ 724794.375218587345444, 5033104.007606186904013 ], [ 724788.095117548713461, 5033094.061159193515778 ] ] ] } },
{ "type": "Feature", "properties": { "Height": 9.45, "Floors": 3, "End Use": "Residential", "Lower End Use": "Residential", "Upper End Use": "Residential", "Envelope": "Before 1930", "id": "0022000004", "Name": "Building 0022000004", "ExtWallCoeff": 1.0, "VolCoeff": 1.0, "Cooling System": "IdealLoad", "Heating System": "IdealLoad", "Section": "280600000220", "Section_Keys": [ "Total_Buildings", "Total_Res", "Pop_Res", "P[0000-1919]", "P[1920-1945]", "P[1946-1960]", "P[1961-1970]", "P[1971-1980]", "P[1981-1990]", "P[1991-2000]", "P[2001-2005]", "P[2006-3000]", "P[1F]", "P[2F]", "P[3F]", "P[4F+]", "P[Res]" ], "Section_Values": [ 16.0, 15.0, 79.0, 0.93333333333333335, 0.0, 0.0, 0.066666666666666666, 0.0, 0.0, 0.0, 0.0, 0.0, 0.066666666666666666, 0.33333333333333331, 0.53333333333333333, 0.066666666666666666, 0.9375 ], "Height Source": null, "Floor Height Source": "Default", "EndUse Source": "ISTAT", "Envelope Source": "ISTAT", "Cooling System Source": "Default", "Heating System Source": "Default", "Solar Technologies": null, "CLUSTERLABEL": 2, "n": 1, "distance": 149.29399090373741, "feature_x": 724780.79568548803, "feature_y": 5033098.6056396645, "nearest_x": 724848.99031305464, "nearest_y": 5032965.7967977487 }, "geometry": { "type": "Polygon", "coordinates": [ [ [ 724780.795685488032177, 5033098.605639664456248 ], [ 724773.686942181084305, 5033102.856607315130532 ], [ 724781.03021553659346, 5033114.620805392973125 ], [ 724781.400383167434484, 5033115.223583553917706 ], [ 724786.228782645310275, 5033112.303811560384929 ], [ 724788.521076861070469, 5033111.295635117217898 ], [ 724780.795685488032177, 5033098.605639664456248 ] ] ] } },
{ "type": "Feature", "properties": { "Height": 8.3, "Floors": 2, "End Use": "Residential", "Lower End Use": "Residential", "Upper End Use": "Residential", "Envelope": "Before 1930", "id": "0022100002", "Name": "Building 0022100002", "ExtWallCoeff": 1.0, "VolCoeff": 1.0, "Cooling System": "IdealLoad", "Heating System": "IdealLoad", "Section": "280600000221", "Section_Keys": [ "Total_Buildings", "Total_Res", "Pop_Res", "P[0000-1919]", "P[1920-1945]", "P[1946-1960]", "P[1961-1970]", "P[1971-1980]", "P[1981-1990]", "P[1991-2000]", "P[2001-2005]", "P[2006-3000]", "P[1F]", "P[2F]", "P[3F]", "P[4F+]", "P[Res]" ], "Section_Values": [ 16.0, 14.0, 65.0, 0.9285714285714286, 0.0, 0.071428571428571425, 0.0, 0.0, 0.0, 0.0, 0.0, 0.0, 0.0, 0.2857142857142857, 0.7142857142857143, 0.0, 0.875 ], "Height Source": null, "Floor Height Source": "Default", "EndUse Source": "ISTAT", "Envelope Source": "ISTAT", "Cooling System Source": "Default", "Heating System Source": "Default", "Solar Technologies": null, "CLUSTERLABEL": 2, "n": 1, "distance": 148.47257471523403, "feature_x": 724758.20876134234, "feature_y": 5033083.2821811428, "nearest_x": 724848.99031305464, "nearest_y": 5032965.7967977487 }, "geometry": { "type": "Polygon", "coordinates": [ [ [ 724750.54160097008571, 5033087.813554343767464 ], [ 724745.860953818075359, 5033090.983351531438529 ], [ 724750.155102080432698, 5033097.532842053100467 ], [ 724755.182793668122031, 5033094.297585610300303 ], [ 724756.66308177029714, 5033096.719801105558872 ], [ 724759.68667271907907, 5033094.758876671083272 ], [ 724759.004392680129968, 5033093.243938949890435 ], [ 724763.096685785218142, 5033090.753907846286893 ], [ 724762.54905502917245, 5033089.855576722882688 ], [ 724762.051826727692969, 5033089.081405909731984 ], [ 724758.208761342335492, 5033083.282181142829359 ], [ 724750.54160097008571, 5033087.813554343767464 ] ] ] } },
{ "type": "Feature", "properties": { "Height": 5.0, "Floors": 1, "End Use": "Residential", "Lower End Use": "Residential", "Upper End Use": "Residential", "Envelope": "Before 1930", "id": "0022100003", "Name": "Building 0022100003", "ExtWallCoeff": 1.0, "VolCoeff": 1.0, "Cooling System": "IdealLoad", "Heating System": "IdealLoad", "Section": "280600000221", "Section_Keys": [ "Total_Buildings", "Total_Res", "Pop_Res", "P[0000-1919]", "P[1920-1945]", "P[1946-1960]", "P[1961-1970]", "P[1971-1980]", "P[1981-1990]", "P[1991-2000]", "P[2001-2005]", "P[2006-3000]", "P[1F]", "P[2F]", "P[3F]", "P[4F+]", "P[Res]" ], "Section_Values": [ 16.0, 14.0, 65.0, 0.9285714285714286, 0.0, 0.071428571428571425, 0.0, 0.0, 0.0, 0.0, 0.0, 0.0, 0.0, 0.2857142857142857, 0.7142857142857143, 0.0, 0.875 ], "Height Source": null, "Floor Height Source": "Default", "EndUse Source": "ISTAT", "Envelope Source": "ISTAT", "Cooling System Source": "Default", "Heating System Source": "Default", "Solar Technologies": null, "CLUSTERLABEL": 2, "n": 1, "distance": 102.55924699632234, "feature_x": 724814.04445107281, "feature_y": 5033062.2187136952, "nearest_x": 724848.99031305464, "nearest_y": 5032965.7967977487 }, "geometry": { "type": "Polygon", "coordinates": [ [ [ 724795.144058511592448, 5033074.168360863812268 ], [ 724799.169880731729791, 5033080.552566893398762 ], [ 724817.488250080612488, 5033069.104934091679752 ], [ 724814.04445107281208, 5033062.218713695183396 ], [ 724807.472461810451932, 5033066.355351538397372 ], [ 724795.144058511592448, 5033074.168360863812268 ] ] ] } },
{ "type": "Feature", "properties": { "Height": 11.8, "Floors": 3, "End Use": "Residential", "Lower End Use": "Residential", "Upper End Use": "Residential", "Envelope": "1970-1980", "id": "0022100004", "Name": "Building 0022100004", "ExtWallCoeff": 1.0, "VolCoeff": 1.0, "Cooling System": "IdealLoad", "Heating System": "IdealLoad", "Section": "280600000221", "Section_Keys": [ "Total_Buildings", "Total_Res", "Pop_Res", "P[0000-1919]", "P[1920-1945]", "P[1946-1960]", "P[1961-1970]", "P[1971-1980]", "P[1981-1990]", "P[1991-2000]", "P[2001-2005]", "P[2006-3000]", "P[1F]", "P[2F]", "P[3F]", "P[4F+]", "P[Res]" ], "Section_Values": [ 16.0, 14.0, 65.0, 0.9285714285714286, 0.0, 0.071428571428571425, 0.0, 0.0, 0.0, 0.0, 0.0, 0.0, 0.0, 0.2857142857142857, 0.7142857142857143, 0.0, 0.875 ], "Height Source": null, "Floor Height Source": "Default", "EndUse Source": "ISTAT", "Envelope Source": "Default", "Cooling System Source": "Default", "Heating System Source": "Default", "Solar Technologies": null, "CLUSTERLABEL": 2, "n": 1, "distance": 64.857307957920128, "feature_x": 724845.07283056015, "feature_y": 5033030.5356865749, "nearest_x": 724848.99031305464, "nearest_y": 5032965.7967977487 }, "geometry": { "type": "Polygon", "coordinates": [ [ [ 724828.849227869999595, 5033039.922411015257239 ], [ 724828.740936029236764, 5033044.924137775786221 ], [ 724844.740759910782799, 5033036.975475596264005 ], [ 724845.072830560151488, 5033030.535686574876308 ], [ 724842.721239934442565, 5033031.886555300094187 ], [ 724828.849227869999595, 5033039.922411015257239 ] ] ] } },
{ "type": "Feature", "properties": { "Height": 11.8, "Floors": 3, "End Use": "Residential", "Lower End Use": "Residential", "Upper End Use": "Residential", "Envelope": "Before 1930", "id": "0022100005", "Name": "Building 0022100005", "ExtWallCoeff": 1.0, "VolCoeff": 1.0, "Cooling System": "IdealLoad", "Heating System": "IdealLoad", "Section": "280600000221", "Section_Keys": [ "Total_Buildings", "Total_Res", "Pop_Res", "P[0000-1919]", "P[1920-1945]", "P[1946-1960]", "P[1961-1970]", "P[1971-1980]", "P[1981-1990]", "P[1991-2000]", "P[2001-2005]", "P[2006-3000]", "P[1F]", "P[2F]", "P[3F]", "P[4F+]", "P[Res]" ], "Section_Values": [ 16.0, 14.0, 65.0, 0.9285714285714286, 0.0, 0.071428571428571425, 0.0, 0.0, 0.0, 0.0, 0.0, 0.0, 0.0, 0.2857142857142857, 0.7142857142857143, 0.0, 0.875 ], "Height Source": null, "Floor Height Source": "Default", "EndUse Source": "ISTAT", "Envelope Source": "ISTAT", "Cooling System Source": "Default", "Heating System Source": "Default", "Solar Technologies": null, "CLUSTERLABEL": 2, "n": 1, "distance": 71.305419724283226, "feature_x": 724844.74075991078, "feature_y": 5033036.9754755963, "nearest_x": 724848.99031305464, "nearest_y": 5032965.7967977487 }, "geometry": { "type": "Polygon", "coordinates": [ [ [ 724828.740936029236764, 5033044.924137775786221 ], [ 724828.708370930165984, 5033045.835104832425714 ], [ 724828.571290147141553, 5033052.737929751165211 ], [ 724844.380609607906081, 5033043.98156201466918 ], [ 724844.740759910782799, 5033036.975475596264005 ], [ 724828.740936029236764, 5033044.924137775786221 ] ] ] } },
{ "type": "Feature", "properties": { "Height": 7.633, "Floors": 2, "End Use": "Residential", "Lower End Use": "Residential", "Upper End Use": "Residential", "Envelope": "Before 1930", "id": "0022100006", "Name": "Building 0022100006", "ExtWallCoeff": 1.0, "VolCoeff": 1.0, "Cooling System": "IdealLoad", "Heating System": "IdealLoad", "Section": "280600000221", "Section_Keys": [ "Total_Buildings", "Total_Res", "Pop_Res", "P[0000-1919]", "P[1920-1945]", "P[1946-1960]", "P[1961-1970]", "P[1971-1980]", "P[1981-1990]", "P[1991-2000]", "P[2001-2005]", "P[2006-3000]", "P[1F]", "P[2F]", "P[3F]", "P[4F+]", "P[Res]" ], "Section_Values": [ 16.0, 14.0, 65.0, 0.9285714285714286, 0.0, 0.071428571428571425, 0.0, 0.0, 0.0, 0.0, 0.0, 0.0, 0.0, 0.2857142857142857, 0.7142857142857143, 0.0, 0.875 ], "Height Source": null, "Floor Height Source": "Default", "EndUse Source": "ISTAT", "Envelope Source": "ISTAT", "Cooling System Source": "Default", "Heating System Source": "Default", "Solar Technologies": null, "CLUSTERLABEL": 2, "n": 1, "distance": 78.320538361269371, "feature_x": 724844.38060960791, "feature_y": 5033043.9815620147, "nearest_x": 724848.99031305464, "nearest_y": 5032965.7967977487 }, "geometry": { "type": "Polygon", "coordinates": [ [ [ 724828.571290147141553, 5033052.737929751165211 ], [ 724824.275234162807465, 5033055.00929033011198 ], [ 724824.469016929971986, 5033055.505653764121234 ], [ 724821.020769658265635, 5033057.729458406567574 ], [ 724814.04445107281208, 5033062.218713695183396 ], [ 724817.488250080612488, 5033069.104934091679752 ], [ 724818.823897166759707, 5033068.340659517794847 ], [ 724828.479496643762104, 5033062.756968064233661 ], [ 724841.324530733283609, 5033055.396307631395757 ], [ 724843.683658893685788, 5033053.834360921755433 ], [ 724844.380609607906081, 5033043.98156201466918 ], [ 724828.571290147141553, 5033052.737929751165211 ] ] ] } },
{ "type": "Feature", "properties": { "Height": 7.98, "Floors": 2, "End Use": "Residential", "Lower End Use": "Residential", "Upper End Use": "Residential", "Envelope": "Before 1930", "id": "0022100007", "Name": "Building 0022100007", "ExtWallCoeff": 1.0, "VolCoeff": 1.0, "Cooling System": "IdealLoad", "Heating System": "IdealLoad", "Section": "280600000221", "Section_Keys": [ "Total_Buildings", "Total_Res", "Pop_Res", "P[0000-1919]", "P[1920-1945]", "P[1946-1960]", "P[1961-1970]", "P[1971-1980]", "P[1981-1990]", "P[1991-2000]", "P[2001-2005]", "P[2006-3000]", "P[1F]", "P[2F]", "P[3F]", "P[4F+]", "P[Res]" ], "Section_Values": [ 16.0, 14.0, 65.0, 0.9285714285714286, 0.0, 0.071428571428571425, 0.0, 0.0, 0.0, 0.0, 0.0, 0.0, 0.0, 0.2857142857142857, 0.7142857142857143, 0.0, 0.875 ], "Height Source": null, "Floor Height Source": "Default", "EndUse Source": "ISTAT", "Envelope Source": "ISTAT", "Cooling System Source": "Default", "Heating System Source": "Default", "Solar Technologies": null, "CLUSTERLABEL": 2, "n": 1, "distance": 87.165652218029237, "feature_x": 724815.04436401441, "feature_y": 5033046.0808152761, "nearest_x": 724848.99031305464, "nearest_y": 5032965.7967977487 }, "geometry": { "type": "Polygon", "coordinates": [ [ [ 724802.977409941027872, 5033053.591698786243796 ], [ 724803.800125583307818, 5033055.122784858569503 ], [ 724801.753069534548558, 5033056.940618407912552 ], [ 724806.956411217222922, 5033065.669492560438812 ], [ 724813.647353776614182, 5033061.492612017318606 ], [ 724820.754700456280261, 5033057.063657832331955 ], [ 724818.363616820890456, 5033052.506517845205963 ], [ 724815.803410036605783, 5033047.420526769943535 ], [ 724815.04436401440762, 5033046.080815276131034 ], [ 724802.977409941027872, 5033053.591698786243796 ] ] ] } },
{ "type": "Feature", "properties": { "Height": 6.775, "Floors": 2, "End Use": "Residential", "Lower End Use": "Residential", "Upper End Use": "Residential", "Envelope": "Before 1930", "id": "0022000005", "Name": "Building 0022000005", "ExtWallCoeff": 1.0, "VolCoeff": 1.0, "Cooling System": "IdealLoad", "Heating System": "IdealLoad", "Section": "280600000220", "Section_Keys": [ "Total_Buildings", "Total_Res", "Pop_Res", "P[0000-1919]", "P[1920-1945]", "P[1946-1960]", "P[1961-1970]", "P[1971-1980]", "P[1981-1990]", "P[1991-2000]", "P[2001-2005]", "P[2006-3000]", "P[1F]", "P[2F]", "P[3F]", "P[4F+]", "P[Res]" ], "Section_Values": [ 16.0, 15.0, 79.0, 0.93333333333333335, 0.0, 0.0, 0.066666666666666666, 0.0, 0.0, 0.0, 0.0, 0.0, 0.066666666666666666, 0.33333333333333331, 0.53333333333333333, 0.066666666666666666, 0.9375 ], "Height Source": null, "Floor Height Source": "Default", "EndUse Source": "ISTAT", "Envelope Source": "ISTAT", "Cooling System Source": "Default", "Heating System Source": "Default", "Solar Technologies": null, "CLUSTERLABEL": 2, "n": 1, "distance": 94.419987756628956, "feature_x": 724842.33573882689, "feature_y": 5033059.9819915416, "nearest_x": 724848.99031305464, "nearest_y": 5032965.7967977487 }, "geometry": { "type": "Polygon", "coordinates": [ [ [ 724815.200735005782917, 5033076.553807623684406 ], [ 724818.088796114549041, 5033082.330055778846145 ], [ 724824.276238369755447, 5033078.869343115948141 ], [ 724827.305343823740259, 5033077.631677055731416 ], [ 724844.649157041218132, 5033067.806690243072808 ], [ 724842.335738826892339, 5033059.981991541571915 ], [ 724840.155221255379729, 5033061.149875983595848 ], [ 724825.071462141000666, 5033069.553987374529243 ], [ 724815.200735005782917, 5033076.553807623684406 ] ] ] } },
{ "type": "Feature", "properties": { "Height": 7.62, "Floors": 2, "End Use": "Residential", "Lower End Use": "Residential", "Upper End Use": "Residential", "Envelope": "Before 1930", "id": "0022000006", "Name": "Building 0022000006", "ExtWallCoeff": 1.0, "VolCoeff": 1.0, "Cooling System": "IdealLoad", "Heating System": "IdealLoad", "Section": "280600000220", "Section_Keys": [ "Total_Buildings", "Total_Res", "Pop_Res", "P[0000-1919]", "P[1920-1945]", "P[1946-1960]", "P[1961-1970]", "P[1971-1980]", "P[1981-1990]", "P[1991-2000]", "P[2001-2005]", "P[2006-3000]", "P[1F]", "P[2F]", "P[3F]", "P[4F+]", "P[Res]" ], "Section_Values": [ 16.0, 15.0, 79.0, 0.93333333333333335, 0.0, 0.0, 0.066666666666666666, 0.0, 0.0, 0.0, 0.0, 0.0, 0.066666666666666666, 0.33333333333333331, 0.53333333333333333, 0.066666666666666666, 0.9375 ], "Height Source": null, "Floor Height Source": "Default", "EndUse Source": "ISTAT", "Envelope Source": "ISTAT", "Cooling System Source": "Default", "Heating System Source": "Default", "Solar Technologies": null, "CLUSTERLABEL": 2, "n": 1, "distance": 102.10222231790829, "feature_x": 724844.64915704122, "feature_y": 5033067.8066902431, "nearest_x": 724848.99031305464, "nearest_y": 5032965.7967977487 }, "geometry": { "type": "Polygon", "coordinates": [ [ [ 724827.305343823740259, 5033077.631677055731416 ], [ 724828.948372965445742, 5033080.760512536391616 ], [ 724830.701497317291796, 5033084.315979310311377 ], [ 724825.969726051436737, 5033087.161309455521405 ], [ 724824.686656199046411, 5033084.701631911098957 ], [ 724823.624414045363665, 5033082.639173023402691 ], [ 724825.847735181567259, 5033081.150230695493519 ], [ 724824.276238369755447, 5033078.869343115948141 ], [ 724818.088796114549041, 5033082.330055778846145 ], [ 724824.477660259464756, 5033095.150299239903688 ], [ 724829.570135719375685, 5033092.2956159170717 ], [ 724828.144364450126886, 5033089.66398283559829 ], [ 724847.910816312069073, 5033078.690897755324841 ], [ 724844.649157041218132, 5033067.806690243072808 ], [ 724827.305343823740259, 5033077.631677055731416 ] ] ] } },
{ "type": "Feature", "properties": { "Height": 8.0, "Floors": 2, "End Use": "Residential", "Lower End Use": "Residential", "Upper End Use": "Residential", "Envelope": "Before 1930", "id": "0022000007", "Name": "Building 0022000007", "ExtWallCoeff": 1.0, "VolCoeff": 1.0, "Cooling System": "IdealLoad", "Heating System": "IdealLoad", "Section": "280600000220", "Section_Keys": [ "Total_Buildings", "Total_Res", "Pop_Res", "P[0000-1919]", "P[1920-1945]", "P[1946-1960]", "P[1961-1970]", "P[1971-1980]", "P[1981-1990]", "P[1991-2000]", "P[2001-2005]", "P[2006-3000]", "P[1F]", "P[2F]", "P[3F]", "P[4F+]", "P[Res]" ], "Section_Values": [ 16.0, 15.0, 79.0, 0.93333333333333335, 0.0, 0.0, 0.066666666666666666, 0.0, 0.0, 0.0, 0.0, 0.0, 0.066666666666666666, 0.33333333333333331, 0.53333333333333333, 0.066666666666666666, 0.9375 ], "Height Source": null, "Floor Height Source": "Default", "EndUse Source": "ISTAT", "Envelope Source": "ISTAT", "Cooling System Source": "Default", "Heating System Source": "Default", "Solar Technologies": null, "CLUSTERLABEL": 2, "n": 1, "distance": 119.87000706317281, "feature_x": 724810.6579401925, "feature_y": 5033079.3725336436, "nearest_x": 724848.99031305464, "nearest_y": 5032965.7967977487 }, "geometry": { "type": "Polygon", "coordinates": [ [ [ 724810.657940192497335, 5033079.372533643618226 ], [ 724805.667738960357383, 5033082.653582901693881 ], [ 724806.860455247573555, 5033084.353624999523163 ], [ 724813.708694677334279, 5033094.843207389116287 ], [ 724816.98497650702484, 5033099.621089993976057 ], [ 724821.681466166395694, 5033096.885728273540735 ], [ 724810.657940192497335, 5033079.372533643618226 ] ] ] } },
{ "type": "Feature", "properties": { "Height": 6.575, "Floors": 2, "End Use": "Residential", "Lower End Use": "Residential", "Upper End Use": "Residential", "Envelope": "Before 1930", "id": "0022000008", "Name": "Building 0022000008", "ExtWallCoeff": 1.0, "VolCoeff": 1.0, "Cooling System": "IdealLoad", "Heating System": "IdealLoad", "Section": "280600000220", "Section_Keys": [ "Total_Buildings", "Total_Res", "Pop_Res", "P[0000-1919]", "P[1920-1945]", "P[1946-1960]", "P[1961-1970]", "P[1971-1980]", "P[1981-1990]", "P[1991-2000]", "P[2001-2005]", "P[2006-3000]", "P[1F]", "P[2F]", "P[3F]", "P[4F+]", "P[Res]" ], "Section_Values": [ 16.0, 15.0, 79.0, 0.93333333333333335, 0.0, 0.0, 0.066666666666666666, 0.0, 0.0, 0.0, 0.0, 0.0, 0.066666666666666666, 0.33333333333333331, 0.53333333333333333, 0.066666666666666666, 0.9375 ], "Height Source": null, "Floor Height Source": "Default", "EndUse Source": "ISTAT", "Envelope Source": "ISTAT", "Cooling System Source": "Default", "Heating System Source": "Default", "Solar Technologies": null, "CLUSTERLABEL": 2, "n": 1, "distance": 124.62886368116523, "feature_x": 724805.66773896036, "feature_y": 5033082.6535829017, "nearest_x": 724848.99031305464, "nearest_y": 5032965.7967977487 }, "geometry": { "type": "Polygon", "coordinates": [ [ [ 724805.667738960357383, 5033082.653582901693881 ], [ 724802.122841902193613, 5033084.951806612312794 ], [ 724796.933469166280702, 5033088.325854925438762 ], [ 724806.831115609849803, 5033105.776532508432865 ], [ 724808.753411397105083, 5033104.59940773807466 ], [ 724805.914329231949523, 5033099.425585896708071 ], [ 724813.708694677334279, 5033094.843207389116287 ], [ 724806.860455247573555, 5033084.353624999523163 ], [ 724805.667738960357383, 5033082.653582901693881 ] ] ] } },
{ "type": "Feature", "properties": { "Height": 8.9, "Floors": 3, "End Use": "Residential", "Lower End Use": "Residential", "Upper End Use": "Residential", "Envelope": "1970-1980", "id": "0022000009", "Name": "Building 0022000009", "ExtWallCoeff": 1.0, "VolCoeff": 1.0, "Cooling System": "IdealLoad", "Heating System": "IdealLoad", "Section": "280600000220", "Section_Keys": [ "Total_Buildings", "Total_Res", "Pop_Res", "P[0000-1919]", "P[1920-1945]", "P[1946-1960]", "P[1961-1970]", "P[1971-1980]", "P[1981-1990]", "P[1991-2000]", "P[2001-2005]", "P[2006-3000]", "P[1F]", "P[2F]", "P[3F]", "P[4F+]", "P[Res]" ], "Section_Values": [ 16.0, 15.0, 79.0, 0.93333333333333335, 0.0, 0.0, 0.066666666666666666, 0.0, 0.0, 0.0, 0.0, 0.0, 0.066666666666666666, 0.33333333333333331, 0.53333333333333333, 0.066666666666666666, 0.9375 ], "Height Source": null, "Floor Height Source": "Default", "EndUse Source": "ISTAT", "Envelope Source": "Default", "Cooling System Source": "Default", "Heating System Source": "Default", "Solar Technologies": null, "CLUSTERLABEL": 2, "n": 1, "distance": 176.82986596435018, "feature_x": 724778.52369669289, "feature_y": 5033127.9795880672, "nearest_x": 724848.99031305464, "nearest_y": 5032965.7967977487 }, "geometry": { "type": "Polygon", "coordinates": [ [ [ 724770.955297352513298, 5033135.228609063662589 ], [ 724769.075712568126619, 5033136.307158821262419 ], [ 724766.039854640956037, 5033140.803807660937309 ], [ 724766.600348866544664, 5033141.780464070849121 ], [ 724768.596431176993065, 5033141.607084456831217 ], [ 724776.612175674876198, 5033140.692224108614028 ], [ 724782.936637825681828, 5033136.902666881680489 ], [ 724778.523696692893282, 5033127.979588067159057 ], [ 724774.646246674587019, 5033130.377174695022404 ], [ 724775.612338499515317, 5033132.280458871275187 ], [ 724770.955297352513298, 5033135.228609063662589 ] ] ] } },
{ "type": "Feature", "properties": { "Height": 7.65, "Floors": 2, "End Use": "Residential", "Lower End Use": "Residential", "Upper End Use": "Residential", "Envelope": "Before 1930", "id": "0022000010", "Name": "Building 0022000010", "ExtWallCoeff": 1.0, "VolCoeff": 1.0, "Cooling System": "IdealLoad", "Heating System": "IdealLoad", "Section": "280600000220", "Section_Keys": [ "Total_Buildings", "Total_Res", "Pop_Res", "P[0000-1919]", "P[1920-1945]", "P[1946-1960]", "P[1961-1970]", "P[1971-1980]", "P[1981-1990]", "P[1991-2000]", "P[2001-2005]", "P[2006-3000]", "P[1F]", "P[2F]", "P[3F]", "P[4F+]", "P[Res]" ], "Section_Values": [ 16.0, 15.0, 79.0, 0.93333333333333335, 0.0, 0.0, 0.066666666666666666, 0.0, 0.0, 0.0, 0.0, 0.0, 0.066666666666666666, 0.33333333333333331, 0.53333333333333333, 0.066666666666666666, 0.9375 ], "Height Source": null, "Floor Height Source": "Default", "EndUse Source": "Default", "Envelope Source": "ISTAT", "Cooling System Source": "Default", "Heating System Source": "Default", "Solar Technologies": null, "CLUSTERLABEL": 2, "n": 1, "distance": 162.69762711299725, "feature_x": 724767.50448183622, "feature_y": 5033106.617879902, "nearest_x": 724848.99031305464, "nearest_y": 5032965.7967977487 }, "geometry": { "type": "Polygon", "coordinates": [ [ [ 724759.587642720201984, 5033111.340541364625096 ], [ 724764.12104713707231, 5033120.401391642168164 ], [ 724766.569935522624291, 5033119.176333190873265 ], [ 724768.229703675024211, 5033122.494850263930857 ], [ 724772.559769680607133, 5033120.146806565113366 ], [ 724770.99139490944799, 5033117.120766783133149 ], [ 724772.3790164537495, 5033116.436205776408315 ], [ 724767.504481836222112, 5033106.617879902012646 ], [ 724759.587642720201984, 5033111.340541364625096 ] ] ] } },
{ "type": "Feature", "properties": { "Height": 8.9, "Floors": 3, "End Use": "Residential", "Lower End Use": "Residential", "Upper End Use": "Residential", "Envelope": "Before 1930", "id": "0022000011", "Name": "Building 0022000011", "ExtWallCoeff": 1.0, "VolCoeff": 1.0, "Cooling System": "IdealLoad", "Heating System": "IdealLoad", "Section": "280600000220", "Section_Keys": [ "Total_Buildings", "Total_Res", "Pop_Res", "P[0000-1919]", "P[1920-1945]", "P[1946-1960]", "P[1961-1970]", "P[1971-1980]", "P[1981-1990]", "P[1991-2000]", "P[2001-2005]", "P[2006-3000]", "P[1F]", "P[2F]", "P[3F]", "P[4F+]", "P[Res]" ], "Section_Values": [ 16.0, 15.0, 79.0, 0.93333333333333335, 0.0, 0.0, 0.066666666666666666, 0.0, 0.0, 0.0, 0.0, 0.0, 0.066666666666666666, 0.33333333333333331, 0.53333333333333333, 0.066666666666666666, 0.9375 ], "Height Source": null, "Floor Height Source": "Default", "EndUse Source": "ISTAT", "Envelope Source": "ISTAT", "Cooling System Source": "Default", "Heating System Source": "Default", "Solar Technologies": null, "CLUSTERLABEL": 2, "n": 1, "distance": 168.45324394517903, "feature_x": 724785.93691098248, "feature_y": 5033122.0042363768, "nearest_x": 724848.99031305464, "nearest_y": 5032965.7967977487 }, "geometry": { "type": "Polygon", "coordinates": [ [ [ 724781.61176832462661, 5033124.652782900258899 ], [ 724778.155865673907101, 5033126.653863007202744 ], [ 724778.523696692893282, 5033127.979588067159057 ], [ 724782.936637825681828, 5033136.902666881680489 ], [ 724791.161625179694965, 5033131.66824281681329 ], [ 724786.640388358500786, 5033123.36420573759824 ], [ 724786.073262150632218, 5033122.353939798660576 ], [ 724785.936910982476547, 5033122.004236376844347 ], [ 724781.61176832462661, 5033124.652782900258899 ] ] ] } },
{ "type": "Feature", "properties": { "Height": 9.0, "Floors": 3, "End Use": "Residential", "Lower End Use": "Residential", "Upper End Use": "Residential", "Envelope": "Before 1930", "id": "0022000012", "Name": "Building 0022000012", "ExtWallCoeff": 1.0, "VolCoeff": 1.0, "Cooling System": "IdealLoad", "Heating System": "IdealLoad", "Section": "280600000220", "Section_Keys": [ "Total_Buildings", "Total_Res", "Pop_Res", "P[0000-1919]", "P[1920-1945]", "P[1946-1960]", "P[1961-1970]", "P[1971-1980]", "P[1981-1990]", "P[1991-2000]", "P[2001-2005]", "P[2006-3000]", "P[1F]", "P[2F]", "P[3F]", "P[4F+]", "P[Res]" ], "Section_Values": [ 16.0, 15.0, 79.0, 0.93333333333333335, 0.0, 0.0, 0.066666666666666666, 0.0, 0.0, 0.0, 0.0, 0.0, 0.066666666666666666, 0.33333333333333331, 0.53333333333333333, 0.066666666666666666, 0.9375 ], "Height Source": null, "Floor Height Source": "Default", "EndUse Source": "ISTAT", "Envelope Source": "ISTAT", "Cooling System Source": "Default", "Heating System Source": "Default", "Solar Technologies": null, "CLUSTERLABEL": 2, "n": 1, "distance": 151.09610768104756, "feature_x": 724806.83622939512, "feature_y": 5033110.893548185, "nearest_x": 724848.99031305464, "nearest_y": 5032965.7967977487 }, "geometry": { "type": "Polygon", "coordinates": [ [ [ 724790.955444830004126, 5033120.559572275727987 ], [ 724789.958753510261886, 5033121.046754692681134 ], [ 724786.640388358500786, 5033123.36420573759824 ], [ 724791.161625179694965, 5033131.66824281681329 ], [ 724812.051586314570159, 5033119.72297253459692 ], [ 724806.836229395121336, 5033110.893548185005784 ], [ 724790.955444830004126, 5033120.559572275727987 ] ] ] } },
{ "type": "Feature", "properties": { "Height": 4.3, "Floors": 1, "End Use": "Residential", "Lower End Use": "Residential", "Upper End Use": "Residential", "Envelope": "Before 1930", "id": "0022000013", "Name": "Building 0022000013", "ExtWallCoeff": 1.0, "VolCoeff": 1.0, "Cooling System": "IdealLoad", "Heating System": "IdealLoad", "Section": "280600000220", "Section_Keys": [ "Total_Buildings", "Total_Res", "Pop_Res", "P[0000-1919]", "P[1920-1945]", "P[1946-1960]", "P[1961-1970]", "P[1971-1980]", "P[1981-1990]", "P[1991-2000]", "P[2001-2005]", "P[2006-3000]", "P[1F]", "P[2F]", "P[3F]", "P[4F+]", "P[Res]" ], "Section_Values": [ 16.0, 15.0, 79.0, 0.93333333333333335, 0.0, 0.0, 0.066666666666666666, 0.0, 0.0, 0.0, 0.0, 0.0, 0.066666666666666666, 0.33333333333333331, 0.53333333333333333, 0.066666666666666666, 0.9375 ], "Height Source": null, "Floor Height Source": "Default", "EndUse Source": "ISTAT", "Envelope Source": "ISTAT", "Cooling System Source": "Default", "Heating System Source": "Default", "Solar Technologies": null, "CLUSTERLABEL": 2, "n": 1, "distance": 170.80930527544515, "feature_x": 724759.5876427202, "feature_y": 5033111.3405413646, "nearest_x": 724848.99031305464, "nearest_y": 5032965.7967977487 }, "geometry": { "type": "Polygon", "coordinates": [ [ [ 724751.200848832260817, 5033116.280011904425919 ], [ 724752.151814588927664, 5033117.949156830087304 ], [ 724755.660898638190702, 5033124.98228076659143 ], [ 724758.704937752219848, 5033123.544894058257341 ], [ 724761.663028133334592, 5033121.881966194137931 ], [ 724764.12104713707231, 5033120.401391642168164 ], [ 724759.587642720201984, 5033111.340541364625096 ], [ 724751.200848832260817, 5033116.280011904425919 ] ] ] } },
{ "type": "Feature", "properties": { "Height": 7.05, "Floors": 2, "End Use": "Residential", "Lower End Use": "Residential", "Upper End Use": "Residential", "Envelope": "Before 1930", "id": "0022100008", "Name": "Building 0022100008", "ExtWallCoeff": 1.0, "VolCoeff": 1.0, "Cooling System": "IdealLoad", "Heating System": "IdealLoad", "Section": "280600000221", "Section_Keys": [ "Total_Buildings", "Total_Res", "Pop_Res", "P[0000-1919]", "P[1920-1945]", "P[1946-1960]", "P[1961-1970]", "P[1971-1980]", "P[1981-1990]", "P[1991-2000]", "P[2001-2005]", "P[2006-3000]", "P[1F]", "P[2F]", "P[3F]", "P[4F+]", "P[Res]" ], "Section_Values": [ 16.0, 14.0, 65.0, 0.9285714285714286, 0.0, 0.071428571428571425, 0.0, 0.0, 0.0, 0.0, 0.0, 0.0, 0.0, 0.2857142857142857, 0.7142857142857143, 0.0, 0.875 ], "Height Source": null, "Floor Height Source": "Default", "EndUse Source": "ISTAT", "Envelope Source": "ISTAT", "Cooling System Source": "Default", "Heating System Source": "Default", "Solar Technologies": null, "CLUSTERLABEL": 2, "n": 1, "distance": 129.81414607036166, "feature_x": 724775.26805466809, "feature_y": 5033072.6459490713, "nearest_x": 724848.99031305464, "nearest_y": 5032965.7967977487 }, "geometry": { "type": "Polygon", "coordinates": [ [ [ 724762.894465756719001, 5033080.190437863580883 ], [ 724762.149338842835277, 5033080.653244655579329 ], [ 724759.56520733027719, 5033082.374031950719655 ], [ 724758.208761342335492, 5033083.282181142829359 ], [ 724762.051826727692969, 5033089.081405909731984 ], [ 724765.775075553916395, 5033086.834029020741582 ], [ 724764.203792227432132, 5033084.108223674818873 ], [ 724765.021322538726963, 5033083.592386984266341 ], [ 724774.589308018214069, 5033077.827510012313724 ], [ 724776.129011391079985, 5033080.340842090547085 ], [ 724776.459383014822379, 5033080.741973626427352 ], [ 724779.527831561514176, 5033079.060749639756978 ], [ 724775.2680546680931, 5033072.645949071273208 ], [ 724771.416032319422811, 5033074.988830777816474 ], [ 724762.894465756719001, 5033080.190437863580883 ] ] ] } },
{ "type": "Feature", "properties": { "Height": 9.1, "Floors": 3, "End Use": "Residential", "Lower End Use": "Residential", "Upper End Use": "Residential", "Envelope": "Before 1930", "id": "0022100009", "Name": "Building 0022100009", "ExtWallCoeff": 1.0, "VolCoeff": 1.0, "Cooling System": "IdealLoad", "Heating System": "IdealLoad", "Section": "280600000221", "Section_Keys": [ "Total_Buildings", "Total_Res", "Pop_Res", "P[0000-1919]", "P[1920-1945]", "P[1946-1960]", "P[1961-1970]", "P[1971-1980]", "P[1981-1990]", "P[1991-2000]", "P[2001-2005]", "P[2006-3000]", "P[1F]", "P[2F]", "P[3F]", "P[4F+]", "P[Res]" ], "Section_Values": [ 16.0, 14.0, 65.0, 0.9285714285714286, 0.0, 0.071428571428571425, 0.0, 0.0, 0.0, 0.0, 0.0, 0.0, 0.0, 0.2857142857142857, 0.7142857142857143, 0.0, 0.875 ], "Height Source": null, "Floor Height Source": "Default", "EndUse Source": "ISTAT", "Envelope Source": "ISTAT", "Cooling System Source": "Default", "Heating System Source": "Default", "Solar Technologies": null, "CLUSTERLABEL": 2, "n": 1, "distance": 134.22568355360005, "feature_x": 724780.77616596618, "feature_y": 5033081.3968161847, "nearest_x": 724848.99031305464, "nearest_y": 5032965.7967977487 }, "geometry": { "type": "Polygon", "coordinates": [ [ [ 724763.756519000162371, 5033091.800854997709394 ], [ 724764.861007460625842, 5033094.654584025964141 ], [ 724768.059759669005871, 5033099.62989164609462 ], [ 724776.185328769730404, 5033094.547622455283999 ], [ 724785.210024993983097, 5033089.297275028191507 ], [ 724780.776165966177359, 5033081.396816184744239 ], [ 724763.756519000162371, 5033091.800854997709394 ] ] ] } },
{ "type": "Feature", "properties": { "Height": 6.1, "Floors": 2, "End Use": "Residential", "Lower End Use": "Residential", "Upper End Use": "Residential", "Envelope": "Before 1930", "id": "0022100010", "Name": "Building 0022100010", "ExtWallCoeff": 1.0, "VolCoeff": 1.0, "Cooling System": "IdealLoad", "Heating System": "IdealLoad", "Section": "280600000221", "Section_Keys": [ "Total_Buildings", "Total_Res", "Pop_Res", "P[0000-1919]", "P[1920-1945]", "P[1946-1960]", "P[1961-1970]", "P[1971-1980]", "P[1981-1990]", "P[1991-2000]", "P[2001-2005]", "P[2006-3000]", "P[1F]", "P[2F]", "P[3F]", "P[4F+]", "P[Res]" ], "Section_Values": [ 16.0, 14.0, 65.0, 0.9285714285714286, 0.0, 0.071428571428571425, 0.0, 0.0, 0.0, 0.0, 0.0, 0.0, 0.0, 0.2857142857142857, 0.7142857142857143, 0.0, 0.875 ], "Height Source": null, "Floor Height Source": "Default", "EndUse Source": "ISTAT", "Envelope Source": "ISTAT", "Cooling System Source": "Default", "Heating System Source": "Default", "Solar Technologies": null, "CLUSTERLABEL": 2, "n": 1, "distance": 117.24681883029498, "feature_x": 724786.86150944722, "feature_y": 5033065.2293290859, "nearest_x": 724848.99031305464, "nearest_y": 5032965.7967977487 }, "geometry": { "type": "Polygon", "coordinates": [ [ [ 724775.2680546680931, 5033072.645949071273208 ], [ 724779.527831561514176, 5033079.060749639756978 ], [ 724788.849034656304866, 5033073.18696092441678 ], [ 724787.970077089732513, 5033071.475889912806451 ], [ 724789.66456300241407, 5033070.535334655083716 ], [ 724786.86150944721885, 5033065.22932908590883 ], [ 724784.019162837532349, 5033066.940878260880709 ], [ 724775.2680546680931, 5033072.645949071273208 ] ] ] } },
{ "type": "Feature", "properties": { "Height": 8.65, "Floors": 2, "End Use": "Residential", "Lower End Use": "Residential", "Upper End Use": "Residential", "Envelope": "Before 1930", "id": "0022100011", "Name": "Building 0022100011", "ExtWallCoeff": 1.0, "VolCoeff": 1.0, "Cooling System": "IdealLoad", "Heating System": "IdealLoad", "Section": "280600000221", "Section_Keys": [ "Total_Buildings", "Total_Res", "Pop_Res", "P[0000-1919]", "P[1920-1945]", "P[1946-1960]", "P[1961-1970]", "P[1971-1980]", "P[1981-1990]", "P[1991-2000]", "P[2001-2005]", "P[2006-3000]", "P[1F]", "P[2F]", "P[3F]", "P[4F+]", "P[Res]" ], "Section_Values": [ 16.0, 14.0, 65.0, 0.9285714285714286, 0.0, 0.071428571428571425, 0.0, 0.0, 0.0, 0.0, 0.0, 0.0, 0.0, 0.2857142857142857, 0.7142857142857143, 0.0, 0.875 ], "Height Source": null, "Floor Height Source": "Default", "EndUse Source": "ISTAT", "Envelope Source": "ISTAT", "Cooling System Source": "Default", "Heating System Source": "Default", "Solar Technologies": null, "CLUSTERLABEL": 2, "n": 1, "distance": 124.50042281200034, "feature_x": 724790.70595598826, "feature_y": 5033075.8117467407, "nearest_x": 724848.99031305464, "nearest_y": 5032965.7967977487 }, "geometry": { "type": "Polygon", "coordinates": [ [ [ 724780.776165966177359, 5033081.396816184744239 ], [ 724785.210024993983097, 5033089.297275028191507 ], [ 724795.24147828493733, 5033083.059557499364018 ], [ 724790.705955988261849, 5033075.811746740713716 ], [ 724780.776165966177359, 5033081.396816184744239 ] ] ] } },
{ "type": "Feature", "properties": { "Height": 7.2, "Floors": 2, "End Use": "Residential", "Lower End Use": "Residential", "Upper End Use": "Residential", "Envelope": "Before 1930", "id": "0022100012", "Name": "Building 0022100012", "ExtWallCoeff": 1.0, "VolCoeff": 1.0, "Cooling System": "IdealLoad", "Heating System": "IdealLoad", "Section": "280600000221", "Section_Keys": [ "Total_Buildings", "Total_Res", "Pop_Res", "P[0000-1919]", "P[1920-1945]", "P[1946-1960]", "P[1961-1970]", "P[1971-1980]", "P[1981-1990]", "P[1991-2000]", "P[2001-2005]", "P[2006-3000]", "P[1F]", "P[2F]", "P[3F]", "P[4F+]", "P[Res]" ], "Section_Values": [ 16.0, 14.0, 65.0, 0.9285714285714286, 0.0, 0.071428571428571425, 0.0, 0.0, 0.0, 0.0, 0.0, 0.0, 0.0, 0.2857142857142857, 0.7142857142857143, 0.0, 0.875 ], "Height Source": null, "Floor Height Source": "Default", "EndUse Source": "ISTAT", "Envelope Source": "ISTAT", "Cooling System Source": "Default", "Heating System Source": "Default", "Solar Technologies": null, "CLUSTERLABEL": 2, "n": 1, "distance": 102.65745574357342, "feature_x": 724801.75306953455, "feature_y": 5033056.9406184079, "nearest_x": 724848.99031305464, "nearest_y": 5032965.7967977487 }, "geometry": { "type": "Polygon", "coordinates": [ [ [ 724786.86150944721885, 5033065.22932908590883 ], [ 724789.66456300241407, 5033070.535334655083716 ], [ 724790.1320808918681, 5033071.26395165361464 ], [ 724796.111554057453759, 5033067.484319213777781 ], [ 724796.900589461438358, 5033069.080941894091666 ], [ 724799.018898108392023, 5033067.899696137756109 ], [ 724800.322909919545054, 5033069.993038890883327 ], [ 724806.956411217222922, 5033065.669492560438812 ], [ 724801.753069534548558, 5033056.940618407912552 ], [ 724799.525216540088877, 5033058.117948033846915 ], [ 724791.377255377126858, 5033062.509731181897223 ], [ 724786.86150944721885, 5033065.22932908590883 ] ] ] } },
{ "type": "Feature", "properties": { "Height": 6.35, "Floors": 2, "End Use": "Residential", "Lower End Use": "Residential", "Upper End Use": "Residential", "Envelope": "Before 1930", "id": "0022100013", "Name": "Building 0022100013", "ExtWallCoeff": 1.0, "VolCoeff": 1.0, "Cooling System": "IdealLoad", "Heating System": "IdealLoad", "Section": "280600000221", "Section_Keys": [ "Total_Buildings", "Total_Res", "Pop_Res", "P[0000-1919]", "P[1920-1945]", "P[1946-1960]", "P[1961-1970]", "P[1971-1980]", "P[1981-1990]", "P[1991-2000]", "P[2001-2005]", "P[2006-3000]", "P[1F]", "P[2F]", "P[3F]", "P[4F+]", "P[Res]" ], "Section_Values": [ 16.0, 14.0, 65.0, 0.9285714285714286, 0.0, 0.071428571428571425, 0.0, 0.0, 0.0, 0.0, 0.0, 0.0, 0.0, 0.2857142857142857, 0.7142857142857143, 0.0, 0.875 ], "Height Source": null, "Floor Height Source": "Default", "EndUse Source": "ISTAT", "Envelope Source": "ISTAT", "Cooling System Source": "Default", "Heating System Source": "Default", "Solar Technologies": null, "CLUSTERLABEL": 2, "n": 1, "distance": 153.88979545122686, "feature_x": 724764.86100746063, "feature_y": 5033094.654584026, "nearest_x": 724848.99031305464, "nearest_y": 5032965.7967977487 }, "geometry": { "type": "Polygon", "coordinates": [ [ [ 724748.740318317664787, 5033103.800455659627914 ], [ 724751.322996435454115, 5033109.354409743100405 ], [ 724768.059759669005871, 5033099.62989164609462 ], [ 724764.861007460625842, 5033094.654584025964141 ], [ 724748.740318317664787, 5033103.800455659627914 ] ] ] } },
{ "type": "Feature", "properties": { "Height": 8.733, "Floors": 2, "End Use": "Residential", "Lower End Use": "Residential", "Upper End Use": "Residential", "Envelope": "Before 1930", "id": "0022100014", "Name": "Building 0022100014", "ExtWallCoeff": 1.0, "VolCoeff": 1.0, "Cooling System": "IdealLoad", "Heating System": "IdealLoad", "Section": "280600000221", "Section_Keys": [ "Total_Buildings", "Total_Res", "Pop_Res", "P[0000-1919]", "P[1920-1945]", "P[1946-1960]", "P[1961-1970]", "P[1971-1980]", "P[1981-1990]", "P[1991-2000]", "P[2001-2005]", "P[2006-3000]", "P[1F]", "P[2F]", "P[3F]", "P[4F+]", "P[Res]" ], "Section_Values": [ 16.0, 14.0, 65.0, 0.9285714285714286, 0.0, 0.071428571428571425, 0.0, 0.0, 0.0, 0.0, 0.0, 0.0, 0.0, 0.2857142857142857, 0.7142857142857143, 0.0, 0.875 ], "Height Source": null, "Floor Height Source": "Default", "EndUse Source": "Default", "Envelope Source": "ISTAT", "Cooling System Source": "Default", "Heating System Source": "Default", "Solar Technologies": null, "CLUSTERLABEL": 2, "n": 1, "distance": 168.09826249333346, "feature_x": 724744.75227937836, "feature_y": 5033097.6734757042, "nearest_x": 724848.99031305464, "nearest_y": 5032965.7967977487 }, "geometry": { "type": "Polygon", "coordinates": [ [ [ 724740.222857314045541, 5033094.419273621402681 ], [ 724732.526578510412946, 5033099.327826794236898 ], [ 724741.99218840803951, 5033115.061051739379764 ], [ 724751.322996435454115, 5033109.354409743100405 ], [ 724748.740318317664787, 5033103.800455659627914 ], [ 724744.752279378357343, 5033097.673475704155862 ], [ 724742.931031822809018, 5033098.654006453230977 ], [ 724740.222857314045541, 5033094.419273621402681 ] ] ] } },
{ "type": "Feature", "properties": { "Height": 4.4, "Floors": 1, "End Use": "Residential", "Lower End Use": "Residential", "Upper End Use": "Residential", "Envelope": "1970-1980", "id": "0021400009", "Name": "Building 0021400009", "ExtWallCoeff": 1.0, "VolCoeff": 1.0, "Cooling System": "IdealLoad", "Heating System": "IdealLoad", "Section": "280600000214", "Section_Keys": [ "Total_Buildings", "Total_Res", "Pop_Res", "P[0000-1919]", "P[1920-1945]", "P[1946-1960]", "P[1961-1970]", "P[1971-1980]", "P[1981-1990]", "P[1991-2000]", "P[2001-2005]", "P[2006-3000]", "P[1F]", "P[2F]", "P[3F]", "P[4F+]", "P[Res]" ], "Section_Values": [ 29.0, 11.0, 290.0, 0.0, 0.0, 0.090909090909090912, 0.36363636363636365, 0.18181818181818182, 0.36363636363636365, 0.0, 0.0, 0.0, 0.0, 0.45454545454545453, 0.36363636363636365, 0.18181818181818182, 0.37931034482758619 ], "Height Source": null, "Floor Height Source": "Default", "EndUse Source": "ISTAT", "Envelope Source": "Default", "Cooling System Source": "Default", "Heating System Source": "Default", "Solar Technologies": null, "CLUSTERLABEL": 2, "n": 1, "distance": 47.790136023851872, "feature_x": 724806.93466684781, "feature_y": 5032943.0983457463, "nearest_x": 724848.99031305464, "nearest_y": 5032965.7967977487 }, "geometry": { "type": "Polygon", "coordinates": [ [ [ 724792.804245870327577, 5032948.277426024898887 ], [ 724793.742361673852429, 5032949.868251574225724 ], [ 724795.542800161987543, 5032952.101692926138639 ], [ 724796.113353425869718, 5032952.578150734305382 ], [ 724806.934666847810149, 5032943.098345746286213 ], [ 724803.658049665391445, 5032938.765405927784741 ], [ 724797.301575971068814, 5032942.78740603197366 ], [ 724792.804245870327577, 5032948.277426024898887 ] ] ] } },
{ "type": "Feature", "properties": { "Height": 3.0, "Floors": 1, "End Use": "Residential", "Lower End Use": "Residential", "Upper End Use": "Residential", "Envelope": "1970-1980", "id": "0021400010", "Name": "Building 0021400010", "ExtWallCoeff": 1.0, "VolCoeff": 1.0, "Cooling System": "IdealLoad", "Heating System": "IdealLoad", "Section": "280600000214", "Section_Keys": [ "Total_Buildings", "Total_Res", "Pop_Res", "P[0000-1919]", "P[1920-1945]", "P[1946-1960]", "P[1961-1970]", "P[1971-1980]", "P[1981-1990]", "P[1991-2000]", "P[2001-2005]", "P[2006-3000]", "P[1F]", "P[2F]", "P[3F]", "P[4F+]", "P[Res]" ], "Section_Values": [ 29.0, 11.0, 290.0, 0.0, 0.0, 0.090909090909090912, 0.36363636363636365, 0.18181818181818182, 0.36363636363636365, 0.0, 0.0, 0.0, 0.0, 0.45454545454545453, 0.36363636363636365, 0.18181818181818182, 0.37931034482758619 ], "Height Source": null, "Floor Height Source": "Default", "EndUse Source": "Default", "Envelope Source": "Default", "Cooling System Source": "Default", "Heating System Source": "Default", "Solar Technologies": null, "CLUSTERLABEL": 2, "n": 1, "distance": 66.441955301395268, "feature_x": 724783.25418871734, "feature_y": 5032975.4557511797, "nearest_x": 724848.99031305464, "nearest_y": 5032965.7967977487 }, "geometry": { "type": "Polygon", "coordinates": [ [ [ 724763.071874459972605, 5032983.811281063593924 ], [ 724765.808327105361968, 5032987.913548591546714 ], [ 724772.445968917687424, 5032983.256403969600797 ], [ 724777.129484194447286, 5032980.008858320303261 ], [ 724783.254188717342913, 5032975.455751179717481 ], [ 724780.364825676660985, 5032971.247898963280022 ], [ 724763.071874459972605, 5032983.811281063593924 ] ] ] } },
{ "type": "Feature", "properties": { "Height": 9.25, "Floors": 3, "End Use": "Residential", "Lower End Use": "Residential", "Upper End Use": "Residential", "Envelope": "1945-1960", "id": "0021400011", "Name": "Building 0021400011", "ExtWallCoeff": 1.0, "VolCoeff": 1.0, "Cooling System": "IdealLoad", "Heating System": "IdealLoad", "Section": "280600000214", "Section_Keys": [ "Total_Buildings", "Total_Res", "Pop_Res", "P[0000-1919]", "P[1920-1945]", "P[1946-1960]", "P[1961-1970]", "P[1971-1980]", "P[1981-1990]", "P[1991-2000]", "P[2001-2005]", "P[2006-3000]", "P[1F]", "P[2F]", "P[3F]", "P[4F+]", "P[Res]" ], "Section_Values": [ 29.0, 11.0, 290.0, 0.0, 0.0, 0.090909090909090912, 0.36363636363636365, 0.18181818181818182, 0.36363636363636365, 0.0, 0.0, 0.0, 0.0, 0.45454545454545453, 0.36363636363636365, 0.18181818181818182, 0.37931034482758619 ], "Height Source": null, "Floor Height Source": "Default", "EndUse Source": "ISTAT", "Envelope Source": "ISTAT", "Cooling System Source": "Default", "Heating System Source": "Default", "Solar Technologies": null, "CLUSTERLABEL": 2, "n": 1, "distance": 42.705883678567247, "feature_x": 724813.71557351493, "feature_y": 5032989.8692976432, "nearest_x": 724848.99031305464, "nearest_y": 5032965.7967977487 }, "geometry": { "type": "Polygon", "coordinates": [ [ [ 724792.578085288638249, 5032958.769968889653683 ], [ 724784.614713499438949, 5032964.569932547397912 ], [ 724783.115812229923904, 5032965.517481042072177 ], [ 724799.798496402101591, 5032990.196214317344129 ], [ 724774.050167267210782, 5033007.640924303792417 ], [ 724758.024343207711354, 5032983.653147996403277 ], [ 724753.349178163218312, 5032986.667411016300321 ], [ 724732.072339726262726, 5032953.960315460339189 ], [ 724726.196968945907429, 5032956.798231636174023 ], [ 724722.892185158911161, 5032952.375342341139913 ], [ 724721.337498072651215, 5032953.788100315257907 ], [ 724755.882971906918101, 5033004.333151853643358 ], [ 724756.84467560146004, 5033005.702344133518636 ], [ 724764.180255928309634, 5033015.274897405877709 ], [ 724766.225107252364978, 5033017.683919051662087 ], [ 724770.624419952509925, 5033014.715425797738135 ], [ 724775.134982475778088, 5033011.483946236781776 ], [ 724778.594478718005121, 5033016.179362572729588 ], [ 724779.642243582755327, 5033017.551634619943798 ], [ 724786.14304658526089, 5033013.434668741188943 ], [ 724815.949527135817334, 5032993.14283103030175 ], [ 724800.45012509485241, 5032970.430716691538692 ], [ 724797.219229067559354, 5032965.47649493906647 ], [ 724792.578085288638249, 5032958.769968889653683 ] ] ] } },
{ "type": "Feature", "properties": { "Height": 6.6, "Floors": 2, "End Use": "Residential", "Lower End Use": "Residential", "Upper End Use": "Residential", "Envelope": "1970-1980", "id": "0021400012", "Name": "Building 0021400012", "ExtWallCoeff": 1.0, "VolCoeff": 1.0, "Cooling System": "IdealLoad", "Heating System": "IdealLoad", "Section": "280600000214", "Section_Keys": [ "Total_Buildings", "Total_Res", "Pop_Res", "P[0000-1919]", "P[1920-1945]", "P[1946-1960]", "P[1961-1970]", "P[1971-1980]", "P[1981-1990]", "P[1991-2000]", "P[2001-2005]", "P[2006-3000]", "P[1F]", "P[2F]", "P[3F]", "P[4F+]", "P[Res]" ], "Section_Values": [ 29.0, 11.0, 290.0, 0.0, 0.0, 0.090909090909090912, 0.36363636363636365, 0.18181818181818182, 0.36363636363636365, 0.0, 0.0, 0.0, 0.0, 0.45454545454545453, 0.36363636363636365, 0.18181818181818182, 0.37931034482758619 ], "Height Source": null, "Floor Height Source": "Default", "EndUse Source": "ISTAT", "Envelope Source": "Default", "Cooling System Source": "Default", "Heating System Source": "Default", "Solar Technologies": null, "CLUSTERLABEL": 2, "n": 1, "distance": 104.92857927746381, "feature_x": 724747.29549013497, "feature_y": 5032991.6457772357, "nearest_x": 724848.99031305464, "nearest_y": 5032965.7967977487 }, "geometry": { "type": "Polygon", "coordinates": [ [ [ 724738.690275411121547, 5032979.892160632647574 ], [ 724732.210054340655915, 5032984.31024632230401 ], [ 724728.523315358790569, 5032979.395392506383359 ], [ 724726.148147133877501, 5032980.967932406812906 ], [ 724729.561368245631456, 5032986.740647522732615 ], [ 724727.548902968410403, 5032988.248281888663769 ], [ 724731.855456344550475, 5032994.453365948051214 ], [ 724736.768971748650074, 5032990.468733576126397 ], [ 724740.025868209544569, 5032995.134639251045883 ], [ 724743.189095280715264, 5032992.555775686167181 ], [ 724740.324379960657097, 5032988.31545312423259 ], [ 724743.041274318937212, 5032986.388052776455879 ], [ 724747.295490134973079, 5032991.645777235738933 ], [ 724738.690275411121547, 5032979.892160632647574 ] ] ] } },
{ "type": "Feature", "properties": { "Height": 11.3, "Floors": 3, "End Use": "Residential", "Lower End Use": "Residential", "Upper End Use": "Residential", "Envelope": "1961-1970", "id": "0021400013", "Name": "Building 0021400013", "ExtWallCoeff": 1.0, "VolCoeff": 1.0, "Cooling System": "IdealLoad", "Heating System": "IdealLoad", "Section": "280600000214", "Section_Keys": [ "Total_Buildings", "Total_Res", "Pop_Res", "P[0000-1919]", "P[1920-1945]", "P[1946-1960]", "P[1961-1970]", "P[1971-1980]", "P[1981-1990]", "P[1991-2000]", "P[2001-2005]", "P[2006-3000]", "P[1F]", "P[2F]", "P[3F]", "P[4F+]", "P[Res]" ], "Section_Values": [ 29.0, 11.0, 290.0, 0.0, 0.0, 0.090909090909090912, 0.36363636363636365, 0.18181818181818182, 0.36363636363636365, 0.0, 0.0, 0.0, 0.0, 0.45454545454545453, 0.36363636363636365, 0.18181818181818182, 0.37931034482758619 ], "Height Source": null, "Floor Height Source": "Default", "EndUse Source": "ISTAT", "Envelope Source": "ISTAT", "Cooling System Source": "Default", "Heating System Source": "Default", "Solar Technologies": null, "CLUSTERLABEL": 2, "n": 1, "distance": 97.746164490320453, "feature_x": 724757.32081506343, "feature_y": 5032931.8701738287, "nearest_x": 724848.99031305464, "nearest_y": 5032965.7967977487 }, "geometry": { "type": "Polygon", "coordinates": [ [ [ 724743.800133564276621, 5032916.259012386202812 ], [ 724738.959415327990428, 5032920.835791740566492 ], [ 724736.881721347570419, 5032922.852776507847011 ], [ 724738.167475045076571, 5032924.800843878649175 ], [ 724747.573011147091165, 5032938.49630019441247 ], [ 724751.68750899261795, 5032935.606601767241955 ], [ 724757.320815063430928, 5032931.870173828676343 ], [ 724743.800133564276621, 5032916.259012386202812 ] ] ] } },
{ "type": "Feature", "properties": { "Height": 9.7, "Floors": 3, "End Use": "Residential", "Lower End Use": "Residential", "Upper End Use": "Residential", "Envelope": "1970-1980", "id": "0021400014", "Name": "Building 0021400014", "ExtWallCoeff": 1.0, "VolCoeff": 1.0, "Cooling System": "IdealLoad", "Heating System": "IdealLoad", "Section": "280600000214", "Section_Keys": [ "Total_Buildings", "Total_Res", "Pop_Res", "P[0000-1919]", "P[1920-1945]", "P[1946-1960]", "P[1961-1970]", "P[1971-1980]", "P[1981-1990]", "P[1991-2000]", "P[2001-2005]", "P[2006-3000]", "P[1F]", "P[2F]", "P[3F]", "P[4F+]", "P[Res]" ], "Section_Values": [ 29.0, 11.0, 290.0, 0.0, 0.0, 0.090909090909090912, 0.36363636363636365, 0.18181818181818182, 0.36363636363636365, 0.0, 0.0, 0.0, 0.0, 0.45454545454545453, 0.36363636363636365, 0.18181818181818182, 0.37931034482758619 ], "Height Source": null, "Floor Height Source": "Default", "EndUse Source": "Default", "Envelope Source": "Default", "Cooling System Source": "Default", "Heating System Source": "Default", "Solar Technologies": null, "CLUSTERLABEL": 2, "n": 1, "distance": 81.992801123822602, "feature_x": 724775.31144289975, "feature_y": 5032929.821201453, "nearest_x": 724848.99031305464, "nearest_y": 5032965.7967977487 }, "geometry": { "type": "Polygon", "coordinates": [ [ [ 724761.613462990615517, 5032900.09901446569711 ], [ 724760.446240892866626, 5032901.191904280334711 ], [ 724758.310420049587265, 5032902.861975947394967 ], [ 724750.323083839030005, 5032909.551011679694057 ], [ 724755.382300914265215, 5032915.960980927571654 ], [ 724757.722703078761697, 5032918.86999402847141 ], [ 724763.6136150569655, 5032926.121710339561105 ], [ 724765.053698824020103, 5032927.697098617441952 ], [ 724771.64523938507773, 5032933.538924906402826 ], [ 724775.311442899750546, 5032929.821201452985406 ], [ 724768.953560193767771, 5032923.798621437512338 ], [ 724769.574704412952997, 5032923.298012852668762 ], [ 724768.571484414045699, 5032921.994077128358185 ], [ 724775.392117950483225, 5032916.164375331252813 ], [ 724772.913660706370138, 5032913.172556659206748 ], [ 724769.299012136296369, 5032909.528340371325612 ], [ 724766.184833098202944, 5032912.487147271633148 ], [ 724763.228628825279884, 5032908.833094589412212 ], [ 724765.143378364853561, 5032907.210742069408298 ], [ 724766.409258379135281, 5032905.987896323204041 ], [ 724763.344763942062855, 5032901.41784368082881 ], [ 724762.162203177926131, 5032899.651435354724526 ], [ 724761.613462990615517, 5032900.09901446569711 ] ] ] } },
{ "type": "Feature", "properties": { "Height": 8.5, "Floors": 2, "End Use": "Residential", "Lower End Use": "Residential", "Upper End Use": "Residential", "Envelope": "1961-1970", "id": "0021400015", "Name": "Building 0021400015", "ExtWallCoeff": 1.0, "VolCoeff": 1.0, "Cooling System": "IdealLoad", "Heating System": "IdealLoad", "Section": "280600000214", "Section_Keys": [ "Total_Buildings", "Total_Res", "Pop_Res", "P[0000-1919]", "P[1920-1945]", "P[1946-1960]", "P[1961-1970]", "P[1971-1980]", "P[1981-1990]", "P[1991-2000]", "P[2001-2005]", "P[2006-3000]", "P[1F]", "P[2F]", "P[3F]", "P[4F+]", "P[Res]" ], "Section_Values": [ 29.0, 11.0, 290.0, 0.0, 0.0, 0.090909090909090912, 0.36363636363636365, 0.18181818181818182, 0.36363636363636365, 0.0, 0.0, 0.0, 0.0, 0.45454545454545453, 0.36363636363636365, 0.18181818181818182, 0.37931034482758619 ], "Height Source": null, "Floor Height Source": "Default", "EndUse Source": "Default", "Envelope Source": "ISTAT", "Cooling System Source": "Default", "Heating System Source": "Default", "Solar Technologies": null, "CLUSTERLABEL": 2, "n": 1, "distance": 111.04127517790877, "feature_x": 724739.81677415501, "feature_y": 5032945.5161863854, "nearest_x": 724848.99031305464, "nearest_y": 5032965.7967977487 }, "geometry": { "type": "Polygon", "coordinates": [ [ [ 724713.002865779912099, 5032939.063087232410908 ], [ 724714.629892080789432, 5032941.546148806810379 ], [ 724718.438339858897962, 5032947.221740775741637 ], [ 724722.892185158911161, 5032952.375342341139913 ], [ 724723.584247613092884, 5032953.17871727515012 ], [ 724725.526624652324244, 5032955.606308586895466 ], [ 724739.816774155013263, 5032945.516186385415494 ], [ 724737.506200129399076, 5032942.430268881842494 ], [ 724736.094958584057167, 5032943.336466502398252 ], [ 724732.911112688714638, 5032938.817781598307192 ], [ 724730.613379677408375, 5032940.415334785357118 ], [ 724729.00880957650952, 5032938.400259580463171 ], [ 724731.004847050644457, 5032936.914284775033593 ], [ 724727.530244293622673, 5032931.762296070344746 ], [ 724725.807738562580198, 5032929.320313685573637 ], [ 724713.002865779912099, 5032939.063087232410908 ] ] ] } },
{ "type": "Feature", "properties": { "Height": 13.725, "Floors": 4, "End Use": "Residential", "Lower End Use": "Residential", "Upper End Use": "Residential", "Envelope": "1970-1980", "id": "0021400016", "Name": "Building 0021400016", "ExtWallCoeff": 1.0, "VolCoeff": 1.0, "Cooling System": "IdealLoad", "Heating System": "IdealLoad", "Section": "280600000214", "Section_Keys": [ "Total_Buildings", "Total_Res", "Pop_Res", "P[0000-1919]", "P[1920-1945]", "P[1946-1960]", "P[1961-1970]", "P[1971-1980]", "P[1981-1990]", "P[1991-2000]", "P[2001-2005]", "P[2006-3000]", "P[1F]", "P[2F]", "P[3F]", "P[4F+]", "P[Res]" ], "Section_Values": [ 29.0, 11.0, 290.0, 0.0, 0.0, 0.090909090909090912, 0.36363636363636365, 0.18181818181818182, 0.36363636363636365, 0.0, 0.0, 0.0, 0.0, 0.45454545454545453, 0.36363636363636365, 0.18181818181818182, 0.37931034482758619 ], "Height Source": null, "Floor Height Source": "Default", "EndUse Source": "ISTAT", "Envelope Source": "Default", "Cooling System Source": "Default", "Heating System Source": "Default", "Solar Technologies": null, "CLUSTERLABEL": 2, "n": 1, "distance": 16.472131553028831, "feature_x": 724843.78101333231, "feature_y": 5032981.4235157119, "nearest_x": 724848.99031305464, "nearest_y": 5032965.7967977487 }, "geometry": { "type": "Polygon", "coordinates": [ [ [ 724830.594322947086766, 5032984.311423934996128 ], [ 724826.843139723874629, 5032984.48878922034055 ], [ 724826.895297169918194, 5033003.41181174851954 ], [ 724824.483145417412743, 5033007.552533722482622 ], [ 724809.732531020883471, 5033017.592635322362185 ], [ 724803.330886682844721, 5033021.346044928766787 ], [ 724804.099865853553638, 5033022.408020925708115 ], [ 724812.930421295342967, 5033035.304397187195718 ], [ 724820.269541300483979, 5033029.871482403948903 ], [ 724834.987937363563105, 5033020.074972399510443 ], [ 724835.798256237991154, 5033020.637870638631284 ], [ 724843.529251445317641, 5033005.997564766556025 ], [ 724842.604742779163644, 5033005.341594980098307 ], [ 724843.622786227031611, 5032985.411214182153344 ], [ 724843.781013332307339, 5032981.423515711911023 ], [ 724836.614136802963912, 5032981.378654951229692 ], [ 724832.356477721827105, 5032983.45116205047816 ], [ 724830.594322947086766, 5032984.311423934996128 ] ] ] } },
{ "type": "Feature", "properties": { "Height": 6.213, "Floors": 2, "End Use": "Residential", "Lower End Use": "Residential", "Upper End Use": "Residential", "Envelope": "1961-1970", "id": "0021400017", "Name": "Building 0021400017", "ExtWallCoeff": 1.0, "VolCoeff": 1.0, "Cooling System": "IdealLoad", "Heating System": "IdealLoad", "Section": "280600000214", "Section_Keys": [ "Total_Buildings", "Total_Res", "Pop_Res", "P[0000-1919]", "P[1920-1945]", "P[1946-1960]", "P[1961-1970]", "P[1971-1980]", "P[1981-1990]", "P[1991-2000]", "P[2001-2005]", "P[2006-3000]", "P[1F]", "P[2F]", "P[3F]", "P[4F+]", "P[Res]" ], "Section_Values": [ 29.0, 11.0, 290.0, 0.0, 0.0, 0.090909090909090912, 0.36363636363636365, 0.18181818181818182, 0.36363636363636365, 0.0, 0.0, 0.0, 0.0, 0.45454545454545453, 0.36363636363636365, 0.18181818181818182, 0.37931034482758619 ], "Height Source": null, "Floor Height Source": "Default", "EndUse Source": "ISTAT", "Envelope Source": "ISTAT", "Cooling System Source": "Default", "Heating System Source": "Default", "Solar Technologies": null, "CLUSTERLABEL": 2, "n": 1, "distance": 72.249448714270713, "feature_x": 724804.09986585355, "feature_y": 5033022.4080209257, "nearest_x": 724848.99031305464, "nearest_y": 5032965.7967977487 }, "geometry": { "type": "Polygon", "coordinates": [ [ [ 724748.410418293206021, 5033040.028525386936963 ], [ 724734.205443185986951, 5033049.932559291832149 ], [ 724724.778120048809797, 5033056.803753928281367 ], [ 724714.857261092052795, 5033064.11339230183512 ], [ 724706.436595010804012, 5033070.219684902578592 ], [ 724703.778330618981272, 5033066.998995531350374 ], [ 724684.97275447868742, 5033082.222663755528629 ], [ 724692.557861025561579, 5033092.705054620280862 ], [ 724702.771715685608797, 5033086.840790161862969 ], [ 724711.783039910835214, 5033079.33178548142314 ], [ 724714.017592988791876, 5033082.570710338652134 ], [ 724707.059643039479852, 5033086.549050455912948 ], [ 724712.377162699936889, 5033094.058329960331321 ], [ 724713.493016552296467, 5033096.15605391189456 ], [ 724723.921433462761343, 5033089.988029899075627 ], [ 724722.822870514704846, 5033088.502716432325542 ], [ 724726.253033437998965, 5033086.344956653192639 ], [ 724727.415778040885925, 5033087.788069937378168 ], [ 724735.593546511023305, 5033082.340538188815117 ], [ 724736.824211239814758, 5033084.075292367488146 ], [ 724765.267500852816738, 5033066.181715262122452 ], [ 724785.804069245932624, 5033052.510692277923226 ], [ 724812.930421295342967, 5033035.304397187195718 ], [ 724804.099865853553638, 5033022.408020925708115 ], [ 724790.257807794259861, 5033031.579631690867245 ], [ 724779.642243582755327, 5033017.551634619943798 ], [ 724776.90850950172171, 5033019.511787963099778 ], [ 724764.390226393938065, 5033028.25245182402432 ], [ 724748.410418293206021, 5033040.028525386936963 ] ] ] } },
{ "type": "Feature", "properties": { "Height": 8.25, "Floors": 2, "End Use": "Residential", "Lower End Use": "Residential", "Upper End Use": "Residential", "Envelope": "1970-1980", "id": "0021400018", "Name": "Building 0021400018", "ExtWallCoeff": 1.0, "VolCoeff": 1.0, "Cooling System": "IdealLoad", "Heating System": "IdealLoad", "Section": "280600000214", "Section_Keys": [ "Total_Buildings", "Total_Res", "Pop_Res", "P[0000-1919]", "P[1920-1945]", "P[1946-1960]", "P[1961-1970]", "P[1971-1980]", "P[1981-1990]", "P[1991-2000]", "P[2001-2005]", "P[2006-3000]", "P[1F]", "P[2F]", "P[3F]", "P[4F+]", "P[Res]" ], "Section_Values": [ 29.0, 11.0, 290.0, 0.0, 0.0, 0.090909090909090912, 0.36363636363636365, 0.18181818181818182, 0.36363636363636365, 0.0, 0.0, 0.0, 0.0, 0.45454545454545453, 0.36363636363636365, 0.18181818181818182, 0.37931034482758619 ], "Height Source": null, "Floor Height Source": "Default", "EndUse Source": "ISTAT", "Envelope Source": "Default", "Cooling System Source": "Default", "Heating System Source": "Default", "Solar Technologies": null, "CLUSTERLABEL": 2, "n": 1, "distance": 98.187718862708266, "feature_x": 724764.18025592831, "feature_y": 5033015.2748974059, "nearest_x": 724848.99031305464, "nearest_y": 5032965.7967977487 }, "geometry": { "type": "Polygon", "coordinates": [ [ [ 724713.38126575271599, 5033001.49076240696013 ], [ 724710.34268021164462, 5033003.65139870159328 ], [ 724707.704841230297461, 5033005.559389401227236 ], [ 724705.40583311393857, 5033007.412745567969978 ], [ 724720.6335351242451, 5033029.402996091172099 ], [ 724722.281737392069772, 5033031.731089031323791 ], [ 724687.407928502187133, 5033057.259463025256991 ], [ 724685.739026952767745, 5033054.852775291539729 ], [ 724667.908035297645256, 5033029.855251389555633 ], [ 724660.231594270095229, 5033035.743472974747419 ], [ 724672.310186136281118, 5033052.025976081378758 ], [ 724668.197160399169661, 5033055.316218758933246 ], [ 724673.687569548143074, 5033063.031859728507698 ], [ 724672.483763589290902, 5033063.834244241006672 ], [ 724674.472046550246887, 5033066.730649652890861 ], [ 724672.17040433245711, 5033068.439315881580114 ], [ 724678.151344150071964, 5033076.239226678386331 ], [ 724702.808595471200533, 5033058.399226085282862 ], [ 724705.276148238917813, 5033056.652003787457943 ], [ 724706.615072017419152, 5033055.576364310458302 ], [ 724708.185153192956932, 5033054.609095884487033 ], [ 724719.845291077974252, 5033045.982273153960705 ], [ 724726.200254669878632, 5033041.559703648090363 ], [ 724727.057577840983868, 5033042.780555760487914 ], [ 724738.375017618876882, 5033034.975784465670586 ], [ 724737.980125052970834, 5033033.749207824468613 ], [ 724739.393051156075671, 5033032.576107105240226 ], [ 724756.730556982802227, 5033020.514823193661869 ], [ 724764.180255928309634, 5033015.274897405877709 ], [ 724756.84467560146004, 5033005.702344133518636 ], [ 724730.5758575781947, 5033026.098603767342865 ], [ 724728.798612177604809, 5033023.654662258923054 ], [ 724713.38126575271599, 5033001.49076240696013 ] ] ] } },
{ "type": "Feature", "properties": { "Height": 6.1, "Floors": 2, "End Use": "Residential", "Lower End Use": "Residential", "Upper End Use": "Residential", "Envelope": "1970-1980", "id": "0021400019", "Name": "Building 0021400019", "ExtWallCoeff": 1.0, "VolCoeff": 1.0, "Cooling System": "IdealLoad", "Heating System": "IdealLoad", "Section": "280600000214", "Section_Keys": [ "Total_Buildings", "Total_Res", "Pop_Res", "P[0000-1919]", "P[1920-1945]", "P[1946-1960]", "P[1961-1970]", "P[1971-1980]", "P[1981-1990]", "P[1991-2000]", "P[2001-2005]", "P[2006-3000]", "P[1F]", "P[2F]", "P[3F]", "P[4F+]", "P[Res]" ], "Section_Values": [ 29.0, 11.0, 290.0, 0.0, 0.0, 0.090909090909090912, 0.36363636363636365, 0.18181818181818182, 0.36363636363636365, 0.0, 0.0, 0.0, 0.0, 0.45454545454545453, 0.36363636363636365, 0.18181818181818182, 0.37931034482758619 ], "Height Source": null, "Floor Height Source": "Default", "EndUse Source": "Default", "Envelope Source": "Default", "Cooling System Source": "Default", "Heating System Source": "Default", "Solar Technologies": null, "CLUSTERLABEL": 2, "n": 1, "distance": 51.22614717128954, "feature_x": 724807.05753571133, "feature_y": 5032936.3729921095, "nearest_x": 724848.99031305464, "nearest_y": 5032965.7967977487 }, "geometry": { "type": "Polygon", "coordinates": [ [ [ 724787.474978913553059, 5032925.750879256986082 ], [ 724785.308818320860155, 5032927.831428539939225 ], [ 724776.897119623376057, 5032936.529748873785138 ], [ 724792.060690204845741, 5032948.69579239282757 ], [ 724792.804245870327577, 5032948.277426024898887 ], [ 724797.301575971068814, 5032942.78740603197366 ], [ 724803.658049665391445, 5032938.765405927784741 ], [ 724807.057535711326636, 5032936.372992109507322 ], [ 724801.970733511960134, 5032928.983118399977684 ], [ 724797.555115831899457, 5032933.063366243615746 ], [ 724794.957767498097382, 5032930.768071546219289 ], [ 724793.955255116568878, 5032931.855718619190156 ], [ 724787.474978913553059, 5032925.750879256986082 ] ] ] } },
{ "type": "Feature", "properties": { "Height": 13.175, "Floors": 4, "End Use": "Residential", "Lower End Use": "Residential", "Upper End Use": "Residential", "Envelope": "1970-1980", "id": "0021400020", "Name": "Building 0021400020", "ExtWallCoeff": 1.0, "VolCoeff": 1.0, "Cooling System": "IdealLoad", "Heating System": "IdealLoad", "Section": "280600000214", "Section_Keys": [ "Total_Buildings", "Total_Res", "Pop_Res", "P[0000-1919]", "P[1920-1945]", "P[1946-1960]", "P[1961-1970]", "P[1971-1980]", "P[1981-1990]", "P[1991-2000]", "P[2001-2005]", "P[2006-3000]", "P[1F]", "P[2F]", "P[3F]", "P[4F+]", "P[Res]" ], "Section_Values": [ 29.0, 11.0, 290.0, 0.0, 0.0, 0.090909090909090912, 0.36363636363636365, 0.18181818181818182, 0.36363636363636365, 0.0, 0.0, 0.0, 0.0, 0.45454545454545453, 0.36363636363636365, 0.18181818181818182, 0.37931034482758619 ], "Height Source": null, "Floor Height Source": "Default", "EndUse Source": "Default", "Envelope Source": "Default", "Cooling System Source": "Default", "Heating System Source": "Default", "Solar Technologies": null, "CLUSTERLABEL": 2, "n": 1, "distance": 18.073155215608789, "feature_x": 724835.77062733879, "feature_y": 5032953.4728840431, "nearest_x": 724848.99031305464, "nearest_y": 5032965.7967977487 }, "geometry": { "type": "Polygon", "coordinates": [ [ [ 724813.030232966411859, 5032938.266133639030159 ], [ 724814.141014766413718, 5032941.820878513157368 ], [ 724812.838346799137071, 5032942.31936941575259 ], [ 724814.02935771481134, 5032945.82136432826519 ], [ 724818.340378543827683, 5032944.229063617996871 ], [ 724819.629529842408374, 5032947.834679810330272 ], [ 724820.731084489962086, 5032950.332359403371811 ], [ 724817.516003402532078, 5032951.730238027870655 ], [ 724819.006764689693227, 5032955.832496887072921 ], [ 724826.916656493674964, 5032952.844919853843749 ], [ 724828.323564389720559, 5032956.443624196574092 ], [ 724835.770627338788472, 5032953.472884043119848 ], [ 724832.735424450947903, 5032945.455538915470243 ], [ 724831.847516338806599, 5032942.898752938956022 ], [ 724826.297596112824976, 5032928.740308200009167 ], [ 724811.339762696065009, 5032934.490444924682379 ], [ 724813.030232966411859, 5032938.266133639030159 ] ] ] } },
{ "type": "Feature", "properties": { "Height": 4.86, "Floors": 1, "End Use": "Residential", "Lower End Use": "Residential", "Upper End Use": "Residential", "Envelope": "1970-1980", "id": "0021400021", "Name": "Building 0021400021", "ExtWallCoeff": 1.0, "VolCoeff": 1.0, "Cooling System": "IdealLoad", "Heating System": "IdealLoad", "Section": "280600000214", "Section_Keys": [ "Total_Buildings", "Total_Res", "Pop_Res", "P[0000-1919]", "P[1920-1945]", "P[1946-1960]", "P[1961-1970]", "P[1971-1980]", "P[1981-1990]", "P[1991-2000]", "P[2001-2005]", "P[2006-3000]", "P[1F]", "P[2F]", "P[3F]", "P[4F+]", "P[Res]" ], "Section_Values": [ 29.0, 11.0, 290.0, 0.0, 0.0, 0.090909090909090912, 0.36363636363636365, 0.18181818181818182, 0.36363636363636365, 0.0, 0.0, 0.0, 0.0, 0.45454545454545453, 0.36363636363636365, 0.18181818181818182, 0.37931034482758619 ], "Height Source": null, "Floor Height Source": "Default", "EndUse Source": "ISTAT", "Envelope Source": "Default", "Cooling System Source": "Default", "Heating System Source": "Default", "Solar Technologies": null, "CLUSTERLABEL": 2, "n": 1, "distance": 63.618686345062159, "feature_x": 724786.70218873536, "feature_y": 5032952.8535824968, "nearest_x": 724848.99031305464, "nearest_y": 5032965.7967977487 }, "geometry": { "type": "Polygon", "coordinates": [ [ [ 724769.270554067799821, 5032940.139308338984847 ], [ 724764.225305401254445, 5032946.054707634262741 ], [ 724764.612441845936701, 5032946.40224876627326 ], [ 724767.698878896189854, 5032948.603773877955973 ], [ 724767.094907671562396, 5032949.939261795021594 ], [ 724769.302970659919083, 5032951.50872624758631 ], [ 724770.000603631953709, 5032950.621527412906289 ], [ 724776.593488878686912, 5032955.328807846643031 ], [ 724775.990029424545355, 5032956.430718914605677 ], [ 724777.681791745824739, 5032957.759263998828828 ], [ 724778.396943130879663, 5032957.039545276202261 ], [ 724782.184789671329781, 5032959.344010651111603 ], [ 724786.028984886826947, 5032954.153223854489625 ], [ 724786.702188735362142, 5032952.853582496754825 ], [ 724784.311902217334136, 5032951.121869385242462 ], [ 724776.053901399485767, 5032944.997999952174723 ], [ 724769.270554067799821, 5032940.139308338984847 ] ] ] } },
{ "type": "Feature", "properties": { "Height": 10.133, "Floors": 3, "End Use": "Residential", "Lower End Use": "Residential", "Upper End Use": "Residential", "Envelope": "1970-1980", "id": "0021400022", "Name": "Building 0021400022", "ExtWallCoeff": 1.0, "VolCoeff": 1.0, "Cooling System": "IdealLoad", "Heating System": "IdealLoad", "Section": "280600000214", "Section_Keys": [ "Total_Buildings", "Total_Res", "Pop_Res", "P[0000-1919]", "P[1920-1945]", "P[1946-1960]", "P[1961-1970]", "P[1971-1980]", "P[1981-1990]", "P[1991-2000]", "P[2001-2005]", "P[2006-3000]", "P[1F]", "P[2F]", "P[3F]", "P[4F+]", "P[Res]" ], "Section_Values": [ 29.0, 11.0, 290.0, 0.0, 0.0, 0.090909090909090912, 0.36363636363636365, 0.18181818181818182, 0.36363636363636365, 0.0, 0.0, 0.0, 0.0, 0.45454545454545453, 0.36363636363636365, 0.18181818181818182, 0.37931034482758619 ], "Height Source": null, "Floor Height Source": "Default", "EndUse Source": "Default", "Envelope Source": "Default", "Cooling System Source": "Default", "Heating System Source": "Default", "Solar Technologies": null, "CLUSTERLABEL": 2, "n": 1, "distance": 43.452765388067611, "feature_x": 724826.29759611282, "feature_y": 5032928.7403082, "nearest_x": 724848.99031305464, "nearest_y": 5032965.7967977487 }, "geometry": { "type": "Polygon", "coordinates": [ [ [ 724807.293532538344152, 5032935.469296615570784 ], [ 724807.558021279750392, 5032936.179533695802093 ], [ 724808.937103313393891, 5032939.89959697984159 ], [ 724813.030232966411859, 5032938.266133639030159 ], [ 724811.339762696065009, 5032934.490444924682379 ], [ 724826.297596112824976, 5032928.740308200009167 ], [ 724826.18272961396724, 5032928.446989915333688 ], [ 724820.073375218198635, 5032917.883708183653653 ], [ 724814.295512233278714, 5032920.402449850924313 ], [ 724805.479466261458583, 5032924.19192233774811 ], [ 724809.952847427222878, 5032934.496489147655666 ], [ 724807.293532538344152, 5032935.469296615570784 ] ] ] } },
{ "type": "Feature", "properties": { "Height": 9.7, "Floors": 3, "End Use": "Residential", "Lower End Use": "Residential", "Upper End Use": "Residential", "Envelope": "1970-1980", "id": "0021400023", "Name": "Building 0021400023", "ExtWallCoeff": 1.0, "VolCoeff": 1.0, "Cooling System": "IdealLoad", "Heating System": "IdealLoad", "Section": "280600000214", "Section_Keys": [ "Total_Buildings", "Total_Res", "Pop_Res", "P[0000-1919]", "P[1920-1945]", "P[1946-1960]", "P[1961-1970]", "P[1971-1980]", "P[1981-1990]", "P[1991-2000]", "P[2001-2005]", "P[2006-3000]", "P[1F]", "P[2F]", "P[3F]", "P[4F+]", "P[Res]" ], "Section_Values": [ 29.0, 11.0, 290.0, 0.0, 0.0, 0.090909090909090912, 0.36363636363636365, 0.18181818181818182, 0.36363636363636365, 0.0, 0.0, 0.0, 0.0, 0.45454545454545453, 0.36363636363636365, 0.18181818181818182, 0.37931034482758619 ], "Height Source": null, "Floor Height Source": "Default", "EndUse Source": "ISTAT", "Envelope Source": "Default", "Cooling System Source": "Default", "Heating System Source": "Default", "Solar Technologies": null, "CLUSTERLABEL": 2, "n": 1, "distance": 209.43427699097111, "feature_x": 724647.69858589699, "feature_y": 5033023.6272132462, "nearest_x": 724848.99031305464, "nearest_y": 5032965.7967977487 }, "geometry": { "type": "Polygon", "coordinates": [ [ [ 724630.326543999137357, 5032998.056660056114197 ], [ 724615.725706354249269, 5033008.08029717579484 ], [ 724625.408853968721814, 5033023.876701037399471 ], [ 724628.521559255663306, 5033027.5362777300179 ], [ 724630.04398557136301, 5033030.315916524268687 ], [ 724636.051511342870072, 5033026.62612687703222 ], [ 724639.758152877213433, 5033027.036606319248676 ], [ 724646.093069297145121, 5033024.27064853720367 ], [ 724647.698585896985605, 5033023.627213246189058 ], [ 724647.256108475849032, 5033022.855008574202657 ], [ 724630.326543999137357, 5032998.056660056114197 ] ] ] } },
{ "type": "Feature", "properties": { "Height": 9.6, "Floors": 3, "End Use": "Residential", "Lower End Use": "Residential", "Upper End Use": "Residential", "Envelope": "1961-1970", "id": "0021400024", "Name": "Building 0021400024", "ExtWallCoeff": 1.0, "VolCoeff": 1.0, "Cooling System": "IdealLoad", "Heating System": "IdealLoad", "Section": "280600000214", "Section_Keys": [ "Total_Buildings", "Total_Res", "Pop_Res", "P[0000-1919]", "P[1920-1945]", "P[1946-1960]", "P[1961-1970]", "P[1971-1980]", "P[1981-1990]", "P[1991-2000]", "P[2001-2005]", "P[2006-3000]", "P[1F]", "P[2F]", "P[3F]", "P[4F+]", "P[Res]" ], "Section_Values": [ 29.0, 11.0, 290.0, 0.0, 0.0, 0.090909090909090912, 0.36363636363636365, 0.18181818181818182, 0.36363636363636365, 0.0, 0.0, 0.0, 0.0, 0.45454545454545453, 0.36363636363636365, 0.18181818181818182, 0.37931034482758619 ], "Height Source": null, "Floor Height Source": "Default", "EndUse Source": "Default", "Envelope Source": "ISTAT", "Cooling System Source": "Default", "Heating System Source": "Default", "Solar Technologies": null, "CLUSTERLABEL": 2, "n": 1, "distance": 242.72833409292244, "feature_x": 724614.73782368354, "feature_y": 5033029.3799354108, "nearest_x": 724848.99031305464, "nearest_y": 5032965.7967977487 }, "geometry": { "type": "Polygon", "coordinates": [ [ [ 724606.241426574881189, 5033014.793900210410357 ], [ 724598.460758324246854, 5033020.311395600438118 ], [ 724607.024168043979444, 5033033.898695826530457 ], [ 724607.524417862528935, 5033034.15015500318259 ], [ 724614.73782368353568, 5033029.379935410805047 ], [ 724606.241426574881189, 5033014.793900210410357 ] ] ] } },
{ "type": "Feature", "properties": { "Height": 9.85, "Floors": 3, "End Use": "Residential", "Lower End Use": "Residential", "Upper End Use": "Residential", "Envelope": "1970-1980", "id": "0021400025", "Name": "Building 0021400025", "ExtWallCoeff": 1.0, "VolCoeff": 1.0, "Cooling System": "IdealLoad", "Heating System": "IdealLoad", "Section": "280600000214", "Section_Keys": [ "Total_Buildings", "Total_Res", "Pop_Res", "P[0000-1919]", "P[1920-1945]", "P[1946-1960]", "P[1961-1970]", "P[1971-1980]", "P[1981-1990]", "P[1991-2000]", "P[2001-2005]", "P[2006-3000]", "P[1F]", "P[2F]", "P[3F]", "P[4F+]", "P[Res]" ], "Section_Values": [ 29.0, 11.0, 290.0, 0.0, 0.0, 0.090909090909090912, 0.36363636363636365, 0.18181818181818182, 0.36363636363636365, 0.0, 0.0, 0.0, 0.0, 0.45454545454545453, 0.36363636363636365, 0.18181818181818182, 0.37931034482758619 ], "Height Source": null, "Floor Height Source": "Default", "EndUse Source": "Default", "Envelope Source": "Default", "Cooling System Source": "Default", "Heating System Source": "Default", "Solar Technologies": null, "CLUSTERLABEL": 2, "n": 1, "distance": 251.36722907557285, "feature_x": 724607.02416804398, "feature_y": 5033033.8986958265, "nearest_x": 724848.99031305464, "nearest_y": 5032965.7967977487 }, "geometry": { "type": "Polygon", "coordinates": [ [ [ 724586.380447507370263, 5033028.422871397808194 ], [ 724595.053123086225241, 5033041.802709432318807 ], [ 724607.024168043979444, 5033033.898695826530457 ], [ 724598.460758324246854, 5033020.311395600438118 ], [ 724586.380447507370263, 5033028.422871397808194 ] ] ] } },
{ "type": "Feature", "properties": { "Height": 10.175, "Floors": 3, "End Use": "Residential", "Lower End Use": "Residential", "Upper End Use": "Residential", "Envelope": "1961-1970", "id": "0021400026", "Name": "Building 0021400026", "ExtWallCoeff": 1.0, "VolCoeff": 1.0, "Cooling System": "IdealLoad", "Heating System": "IdealLoad", "Section": "280600000214", "Section_Keys": [ "Total_Buildings", "Total_Res", "Pop_Res", "P[0000-1919]", "P[1920-1945]", "P[1946-1960]", "P[1961-1970]", "P[1971-1980]", "P[1981-1990]", "P[1991-2000]", "P[2001-2005]", "P[2006-3000]", "P[1F]", "P[2F]", "P[3F]", "P[4F+]", "P[Res]" ], "Section_Values": [ 29.0, 11.0, 290.0, 0.0, 0.0, 0.090909090909090912, 0.36363636363636365, 0.18181818181818182, 0.36363636363636365, 0.0, 0.0, 0.0, 0.0, 0.45454545454545453, 0.36363636363636365, 0.18181818181818182, 0.37931034482758619 ], "Height Source": null, "Floor Height Source": "Default", "EndUse Source": "Default", "Envelope Source": "ISTAT", "Cooling System Source": "Default", "Heating System Source": "Default", "Solar Technologies": null, "CLUSTERLABEL": 2, "n": 1, "distance": 201.10277224973572, "feature_x": 724651.55575198832, "feature_y": 5033004.0318484623, "nearest_x": 724848.99031305464, "nearest_y": 5032965.7967977487 }, "geometry": { "type": "Polygon", "coordinates": [ [ [ 724641.598170282784849, 5032990.216711814515293 ], [ 724630.326543999137357, 5032998.056660056114197 ], [ 724647.256108475849032, 5033022.855008574202657 ], [ 724654.598829545546323, 5033017.755744745023549 ], [ 724647.306235768366605, 5033007.194871737621725 ], [ 724651.555751988315023, 5033004.031848462298512 ], [ 724641.598170282784849, 5032990.216711814515293 ] ] ] } },
{ "type": "Feature", "properties": { "Height": 10.7, "Floors": 3, "End Use": "Residential", "Lower End Use": "Residential", "Upper End Use": "Residential", "Envelope": "1970-1980", "id": "0021400027", "Name": "Building 0021400027", "ExtWallCoeff": 1.0, "VolCoeff": 1.0, "Cooling System": "IdealLoad", "Heating System": "IdealLoad", "Section": "280600000214", "Section_Keys": [ "Total_Buildings", "Total_Res", "Pop_Res", "P[0000-1919]", "P[1920-1945]", "P[1946-1960]", "P[1961-1970]", "P[1971-1980]", "P[1981-1990]", "P[1991-2000]", "P[2001-2005]", "P[2006-3000]", "P[1F]", "P[2F]", "P[3F]", "P[4F+]", "P[Res]" ], "Section_Values": [ 29.0, 11.0, 290.0, 0.0, 0.0, 0.090909090909090912, 0.36363636363636365, 0.18181818181818182, 0.36363636363636365, 0.0, 0.0, 0.0, 0.0, 0.45454545454545453, 0.36363636363636365, 0.18181818181818182, 0.37931034482758619 ], "Height Source": null, "Floor Height Source": "Default", "EndUse Source": "ISTAT", "Envelope Source": "Default", "Cooling System Source": "Default", "Heating System Source": "Default", "Solar Technologies": null, "CLUSTERLABEL": 2, "n": 1, "distance": 185.60696908734349, "feature_x": 724665.83881777362, "feature_y": 5032995.8879384734, "nearest_x": 724848.99031305464, "nearest_y": 5032965.7967977487 }, "geometry": { "type": "Polygon", "coordinates": [ [ [ 724641.598170282784849, 5032990.216711814515293 ], [ 724651.555751988315023, 5033004.031848462298512 ], [ 724652.507668784237467, 5033005.456291306763887 ], [ 724655.619428856647573, 5033003.22037769202143 ], [ 724665.838817773619667, 5032995.887938473373652 ], [ 724663.912928229081444, 5032992.559949142858386 ], [ 724661.529935075435787, 5032989.527091331779957 ], [ 724656.937553506926633, 5032983.645556529983878 ], [ 724655.975428516743705, 5032982.287489776499569 ], [ 724655.274458733387291, 5032981.294704445637763 ], [ 724643.450441911933012, 5032989.025912038981915 ], [ 724641.598170282784849, 5032990.216711814515293 ] ] ] } },
{ "type": "Feature", "properties": { "Height": 10.6, "Floors": 3, "End Use": "Residential", "Lower End Use": "Residential", "Upper End Use": "Residential", "Envelope": "1970-1980", "id": "0021400028", "Name": "Building 0021400028", "ExtWallCoeff": 1.0, "VolCoeff": 1.0, "Cooling System": "IdealLoad", "Heating System": "IdealLoad", "Section": "280600000214", "Section_Keys": [ "Total_Buildings", "Total_Res", "Pop_Res", "P[0000-1919]", "P[1920-1945]", "P[1946-1960]", "P[1961-1970]", "P[1971-1980]", "P[1981-1990]", "P[1991-2000]", "P[2001-2005]", "P[2006-3000]", "P[1F]", "P[2F]", "P[3F]", "P[4F+]", "P[Res]" ], "Section_Values": [ 29.0, 11.0, 290.0, 0.0, 0.0, 0.090909090909090912, 0.36363636363636365, 0.18181818181818182, 0.36363636363636365, 0.0, 0.0, 0.0, 0.0, 0.45454545454545453, 0.36363636363636365, 0.18181818181818182, 0.37931034482758619 ], "Height Source": null, "Floor Height Source": "Default", "EndUse Source": "Default", "Envelope Source": "Default", "Cooling System Source": "Default", "Heating System Source": "Default", "Solar Technologies": null, "CLUSTERLABEL": 2, "n": 1, "distance": 231.00204330918811, "feature_x": 724625.40885396872, "feature_y": 5033023.8767010374, "nearest_x": 724848.99031305464, "nearest_y": 5032965.7967977487 }, "geometry": { "type": "Polygon", "coordinates": [ [ [ 724606.241426574881189, 5033014.793900210410357 ], [ 724614.73782368353568, 5033029.379935410805047 ], [ 724615.132564858533442, 5033030.172679774463177 ], [ 724625.408853968721814, 5033023.876701037399471 ], [ 724615.725706354249269, 5033008.08029717579484 ], [ 724606.241426574881189, 5033014.793900210410357 ] ] ] } },
{ "type": "Feature", "properties": { "Height": 8.867, "Floors": 3, "End Use": "Residential", "Lower End Use": "Residential", "Upper End Use": "Residential", "Envelope": "1970-1980", "id": "0021400029", "Name": "Building 0021400029", "ExtWallCoeff": 1.0, "VolCoeff": 1.0, "Cooling System": "IdealLoad", "Heating System": "IdealLoad", "Section": "280600000214", "Section_Keys": [ "Total_Buildings", "Total_Res", "Pop_Res", "P[0000-1919]", "P[1920-1945]", "P[1946-1960]", "P[1961-1970]", "P[1971-1980]", "P[1981-1990]", "P[1991-2000]", "P[2001-2005]", "P[2006-3000]", "P[1F]", "P[2F]", "P[3F]", "P[4F+]", "P[Res]" ], "Section_Values": [ 29.0, 11.0, 290.0, 0.0, 0.0, 0.090909090909090912, 0.36363636363636365, 0.18181818181818182, 0.36363636363636365, 0.0, 0.0, 0.0, 0.0, 0.45454545454545453, 0.36363636363636365, 0.18181818181818182, 0.37931034482758619 ], "Height Source": null, "Floor Height Source": "Default", "EndUse Source": "ISTAT", "Envelope Source": "Default", "Cooling System Source": "Default", "Heating System Source": "Default", "Solar Technologies": null, "CLUSTERLABEL": 2, "n": 1, "distance": 83.770507565718106, "feature_x": 724784.9169576976, "feature_y": 5032911.8328924868, "nearest_x": 724848.99031305464, "nearest_y": 5032965.7967977487 }, "geometry": { "type": "Polygon", "coordinates": [ [ [ 724773.917704353574663, 5032891.873486836440861 ], [ 724772.949234897969291, 5032890.693151625804603 ], [ 724762.162203177926131, 5032899.651435354724526 ], [ 724763.344763942062855, 5032901.41784368082881 ], [ 724766.409258379135281, 5032905.987896323204041 ], [ 724769.299012136296369, 5032909.528340371325612 ], [ 724772.913660706370138, 5032913.172556659206748 ], [ 724776.595573471859097, 5032910.111683582887053 ], [ 724780.798855459084734, 5032914.822554335929453 ], [ 724784.916957697598264, 5032911.832892486825585 ], [ 724779.913214597618207, 5032905.625104049220681 ], [ 724783.018271745298989, 5032902.921818737871945 ], [ 724774.510828642756678, 5032892.595466670580208 ], [ 724773.917704353574663, 5032891.873486836440861 ] ] ] } },
{ "type": "Feature", "properties": { "Height": 10.967, "Floors": 3, "End Use": "Residential", "Lower End Use": "Residential", "Upper End Use": "Residential", "Envelope": "1970-1980", "id": "0021400030", "Name": "Building 0021400030", "ExtWallCoeff": 1.0, "VolCoeff": 1.0, "Cooling System": "IdealLoad", "Heating System": "IdealLoad", "Section": "280600000214", "Section_Keys": [ "Total_Buildings", "Total_Res", "Pop_Res", "P[0000-1919]", "P[1920-1945]", "P[1946-1960]", "P[1961-1970]", "P[1971-1980]", "P[1981-1990]", "P[1991-2000]", "P[2001-2005]", "P[2006-3000]", "P[1F]", "P[2F]", "P[3F]", "P[4F+]", "P[Res]" ], "Section_Values": [ 29.0, 11.0, 290.0, 0.0, 0.0, 0.090909090909090912, 0.36363636363636365, 0.18181818181818182, 0.36363636363636365, 0.0, 0.0, 0.0, 0.0, 0.45454545454545453, 0.36363636363636365, 0.18181818181818182, 0.37931034482758619 ], "Height Source": null, "Floor Height Source": "Default", "EndUse Source": "ISTAT", "Envelope Source": "Default", "Cooling System Source": "Default", "Heating System Source": "Default", "Solar Technologies": null, "CLUSTERLABEL": 2, "n": 1, "distance": 65.152160049879399, "feature_x": 724815.51700253692, "feature_y": 5032909.900988942, "nearest_x": 724848.99031305464, "nearest_y": 5032965.7967977487 }, "geometry": { "type": "Polygon", "coordinates": [ [ [ 724799.820767864817753, 5032880.852562302723527 ], [ 724787.056198382866569, 5032887.926989906467497 ], [ 724793.004407249391079, 5032897.082907228730619 ], [ 724797.849692334188148, 5032894.352837020531297 ], [ 724803.733390149776824, 5032904.874656406231225 ], [ 724799.185160369845107, 5032907.403991646133363 ], [ 724801.879936588462442, 5032912.672756136395037 ], [ 724802.407470889389515, 5032912.380152076482773 ], [ 724803.305394008872099, 5032913.780441890470684 ], [ 724802.59749948955141, 5032914.077722940593958 ], [ 724803.79943202144932, 5032916.178538627922535 ], [ 724815.517002536915243, 5032909.900988942012191 ], [ 724799.820767864817753, 5032880.852562302723527 ] ] ] } },
{ "type": "Feature", "properties": { "Height": 9.4, "Floors": 3, "End Use": "Residential", "Lower End Use": "Residential", "Upper End Use": "Residential", "Envelope": "1970-1980", "id": "0021400031", "Name": "Building 0021400031", "ExtWallCoeff": 1.0, "VolCoeff": 1.0, "Cooling System": "IdealLoad", "Heating System": "IdealLoad", "Section": "280600000214", "Section_Keys": [ "Total_Buildings", "Total_Res", "Pop_Res", "P[0000-1919]", "P[1920-1945]", "P[1946-1960]", "P[1961-1970]", "P[1971-1980]", "P[1981-1990]", "P[1991-2000]", "P[2001-2005]", "P[2006-3000]", "P[1F]", "P[2F]", "P[3F]", "P[4F+]", "P[Res]" ], "Section_Values": [ 29.0, 11.0, 290.0, 0.0, 0.0, 0.090909090909090912, 0.36363636363636365, 0.18181818181818182, 0.36363636363636365, 0.0, 0.0, 0.0, 0.0, 0.45454545454545453, 0.36363636363636365, 0.18181818181818182, 0.37931034482758619 ], "Height Source": null, "Floor Height Source": "Default", "EndUse Source": "ISTAT", "Envelope Source": "Default", "Cooling System Source": "Default", "Heating System Source": "Default", "Solar Technologies": null, "CLUSTERLABEL": 2, "n": 1, "distance": 69.026219562651406, "feature_x": 724798.25381030852, "feature_y": 5032918.9948076606, "nearest_x": 724848.99031305464, "nearest_y": 5032965.7967977487 }, "geometry": { "type": "Polygon", "coordinates": [ [ [ 724789.93023708963301, 5032912.512625419534743 ], [ 724791.433919398812577, 5032915.158153125084937 ], [ 724794.981332618976012, 5032920.902330035343766 ], [ 724798.253810308524407, 5032918.994807660579681 ], [ 724797.293407917488366, 5032917.369814593344927 ], [ 724799.302618823712692, 5032916.173542852513492 ], [ 724798.404017945984378, 5032914.573005616664886 ], [ 724801.879936588462442, 5032912.672756136395037 ], [ 724799.185160369845107, 5032907.403991646133363 ], [ 724789.93023708963301, 5032912.512625419534743 ] ] ] } },
{ "type": "Feature", "properties": { "Height": 11.967, "Floors": 3, "End Use": "Residential", "Lower End Use": "Residential", "Upper End Use": "Residential", "Envelope": "1970-1980", "id": "0021400032", "Name": "Building 0021400032", "ExtWallCoeff": 1.0, "VolCoeff": 1.0, "Cooling System": "IdealLoad", "Heating System": "IdealLoad", "Section": "280600000214", "Section_Keys": [ "Total_Buildings", "Total_Res", "Pop_Res", "P[0000-1919]", "P[1920-1945]", "P[1946-1960]", "P[1961-1970]", "P[1971-1980]", "P[1981-1990]", "P[1991-2000]", "P[2001-2005]", "P[2006-3000]", "P[1F]", "P[2F]", "P[3F]", "P[4F+]", "P[Res]" ], "Section_Values": [ 29.0, 11.0, 290.0, 0.0, 0.0, 0.090909090909090912, 0.36363636363636365, 0.18181818181818182, 0.36363636363636365, 0.0, 0.0, 0.0, 0.0, 0.45454545454545453, 0.36363636363636365, 0.18181818181818182, 0.37931034482758619 ], "Height Source": null, "Floor Height Source": "Default", "EndUse Source": "ISTAT", "Envelope Source": "Default", "Cooling System Source": "Default", "Heating System Source": "Default", "Solar Technologies": null, "CLUSTERLABEL": 2, "n": 1, "distance": 259.45865804800309, "feature_x": 724608.25634688814, "feature_y": 5033062.5746504311, "nearest_x": 724848.99031305464, "nearest_y": 5032965.7967977487 }, "geometry": { "type": "Polygon", "coordinates": [ [ [ 724586.380447507370263, 5033028.422871397808194 ], [ 724585.920179002918303, 5033028.806882362812757 ], [ 724576.961601766408421, 5033035.060986329801381 ], [ 724578.341555035905913, 5033037.223730240948498 ], [ 724581.593487614532933, 5033041.81150614656508 ], [ 724587.575929122162051, 5033050.011821432039142 ], [ 724590.459202038124204, 5033054.831155749037862 ], [ 724598.547717042383738, 5033067.455989433452487 ], [ 724598.82718701264821, 5033067.9665282741189 ], [ 724608.256346888141707, 5033062.57465043105185 ], [ 724605.756878601387143, 5033057.757889812812209 ], [ 724602.961243244237266, 5033059.259838535450399 ], [ 724594.296435919124633, 5033045.880267287604511 ], [ 724596.094529294176027, 5033044.231456104665995 ], [ 724595.053123086225241, 5033041.802709432318807 ], [ 724586.380447507370263, 5033028.422871397808194 ] ] ] } },
{ "type": "Feature", "properties": { "Height": 5.167, "Floors": 1, "End Use": "Residential", "Lower End Use": "Residential", "Upper End Use": "Residential", "Envelope": "1970-1980", "id": "0021400033", "Name": "Building 0021400033", "ExtWallCoeff": 1.0, "VolCoeff": 1.0, "Cooling System": "IdealLoad", "Heating System": "IdealLoad", "Section": "280600000214", "Section_Keys": [ "Total_Buildings", "Total_Res", "Pop_Res", "P[0000-1919]", "P[1920-1945]", "P[1946-1960]", "P[1961-1970]", "P[1971-1980]", "P[1981-1990]", "P[1991-2000]", "P[2001-2005]", "P[2006-3000]", "P[1F]", "P[2F]", "P[3F]", "P[4F+]", "P[Res]" ], "Section_Values": [ 29.0, 11.0, 290.0, 0.0, 0.0, 0.090909090909090912, 0.36363636363636365, 0.18181818181818182, 0.36363636363636365, 0.0, 0.0, 0.0, 0.0, 0.45454545454545453, 0.36363636363636365, 0.18181818181818182, 0.37931034482758619 ], "Height Source": null, "Floor Height Source": "Default", "EndUse Source": "ISTAT", "Envelope Source": "Default", "Cooling System Source": "Default", "Heating System Source": "Default", "Solar Technologies": null, "CLUSTERLABEL": 2, "n": 1, "distance": 222.58593646230136, "feature_x": 724642.91282858921, "feature_y": 5033049.9191461895, "nearest_x": 724848.99031305464, "nearest_y": 5032965.7967977487 }, "geometry": { "type": "Polygon", "coordinates": [ [ [ 724642.912828589207493, 5033049.919146189466119 ], [ 724634.991496827686206, 5033034.808552678674459 ], [ 724625.778512778226286, 5033039.62969228439033 ], [ 724633.707682805601507, 5033054.740553209558129 ], [ 724642.912828589207493, 5033049.919146189466119 ] ] ] } },
{ "type": "Feature", "properties": { "Height": 11.7, "Floors": 3, "End Use": "Residential", "Lower End Use": "Residential", "Upper End Use": "Residential", "Envelope": "1970-1980", "id": "0021400034", "Name": "Building 0021400034", "ExtWallCoeff": 1.0, "VolCoeff": 1.0, "Cooling System": "IdealLoad", "Heating System": "IdealLoad", "Section": "280600000214", "Section_Keys": [ "Total_Buildings", "Total_Res", "Pop_Res", "P[0000-1919]", "P[1920-1945]", "P[1946-1960]", "P[1961-1970]", "P[1971-1980]", "P[1981-1990]", "P[1991-2000]", "P[2001-2005]", "P[2006-3000]", "P[1F]", "P[2F]", "P[3F]", "P[4F+]", "P[Res]" ], "Section_Values": [ 29.0, 11.0, 290.0, 0.0, 0.0, 0.090909090909090912, 0.36363636363636365, 0.18181818181818182, 0.36363636363636365, 0.0, 0.0, 0.0, 0.0, 0.45454545454545453, 0.36363636363636365, 0.18181818181818182, 0.37931034482758619 ], "Height Source": null, "Floor Height Source": "Default", "EndUse Source": "Default", "Envelope Source": "Default", "Cooling System Source": "Default", "Heating System Source": "Default", "Solar Technologies": null, "CLUSTERLABEL": 2, "n": 1, "distance": 238.34708066265321, "feature_x": 724629.25426781049, "feature_y": 5033058.1298973439, "nearest_x": 724848.99031305464, "nearest_y": 5032965.7967977487 }, "geometry": { "type": "Polygon", "coordinates": [ [ [ 724619.351878393208608, 5033063.171138421632349 ], [ 724629.254267810494639, 5033058.129897343926132 ], [ 724620.117226254660636, 5033040.206145758740604 ], [ 724610.222642866428941, 5033045.247681235894561 ], [ 724619.351878393208608, 5033063.171138421632349 ] ] ] } },
{ "type": "Feature", "properties": { "Height": 7.15, "Floors": 2, "End Use": "Residential", "Lower End Use": "Residential", "Upper End Use": "Residential", "Envelope": "1970-1980", "id": "0021500015", "Name": "Building 0021500015", "ExtWallCoeff": 1.0, "VolCoeff": 1.0, "Cooling System": "IdealLoad", "Heating System": "IdealLoad", "Section": "280600000215", "Section_Keys": [ "Total_Buildings", "Total_Res", "Pop_Res", "P[0000-1919]", "P[1920-1945]", "P[1946-1960]", "P[1961-1970]", "P[1971-1980]", "P[1981-1990]", "P[1991-2000]", "P[2001-2005]", "P[2006-3000]", "P[1F]", "P[2F]", "P[3F]", "P[4F+]", "P[Res]" ], "Section_Values": [ 78.0, 55.0, 930.0, 0.30909090909090908, 0.2, 0.2, 0.25454545454545452, 0.018181818181818181, 0.018181818181818181, 0.0, 0.0, 0.0, 0.036363636363636362, 0.27272727272727271, 0.30909090909090908, 0.38181818181818183, 0.70512820512820518 ], "Height Source": null, "Floor Height Source": "Default", "EndUse Source": "ISTAT", "Envelope Source": "Default", "Cooling System Source": "Default", "Heating System Source": "Default", "Solar Technologies": null, "CLUSTERLABEL": 1, "n": 1, "distance": 199.88650455901325, "feature_x": 724511.10333769547, "feature_y": 5033112.5503680836, "nearest_x": 724339.52991531463, "nearest_y": 5033215.1036490519 }, "geometry": { "type": "Polygon", "coordinates": [ [ [ 724501.595922106644139, 5033090.579634577035904 ], [ 724498.438398989266716, 5033093.003083811141551 ], [ 724508.689199690241367, 5033108.263387121260166 ], [ 724510.616745332023129, 5033110.66813409794122 ], [ 724510.100238756043836, 5033110.872166114859283 ], [ 724513.035132449469529, 5033115.782294299453497 ], [ 724517.097485388629138, 5033113.469018800184131 ], [ 724509.714586097747087, 5033102.582505514845252 ], [ 724501.595922106644139, 5033090.579634577035904 ] ] ] } },
{ "type": "Feature", "properties": { "Height": 8.5, "Floors": 2, "End Use": "Residential", "Lower End Use": "Residential", "Upper End Use": "Residential", "Envelope": "1970-1980", "id": "0021500016", "Name": "Building 0021500016", "ExtWallCoeff": 1.0, "VolCoeff": 1.0, "Cooling System": "IdealLoad", "Heating System": "IdealLoad", "Section": "280600000215", "Section_Keys": [ "Total_Buildings", "Total_Res", "Pop_Res", "P[0000-1919]", "P[1920-1945]", "P[1946-1960]", "P[1961-1970]", "P[1971-1980]", "P[1981-1990]", "P[1991-2000]", "P[2001-2005]", "P[2006-3000]", "P[1F]", "P[2F]", "P[3F]", "P[4F+]", "P[Res]" ], "Section_Values": [ 78.0, 55.0, 930.0, 0.30909090909090908, 0.2, 0.2, 0.25454545454545452, 0.018181818181818181, 0.018181818181818181, 0.0, 0.0, 0.0, 0.036363636363636362, 0.27272727272727271, 0.30909090909090908, 0.38181818181818183, 0.70512820512820518 ], "Height Source": null, "Floor Height Source": "Default", "EndUse Source": "Default", "Envelope Source": "Default", "Cooling System Source": "Default", "Heating System Source": "Default", "Solar Technologies": null, "CLUSTERLABEL": 1, "n": 1, "distance": 209.17080947616267, "feature_x": 724518.16116755491, "feature_y": 5033106.276707259, "nearest_x": 724339.52991531463, "nearest_y": 5033215.1036490519 }, "geometry": { "type": "Polygon", "coordinates": [ [ [ 724525.023809634847566, 5033101.671849254518747 ], [ 724518.161167554906569, 5033106.276707259006798 ], [ 724527.23473126499448, 5033120.716373396106064 ], [ 724527.896833021426573, 5033120.384058486670256 ], [ 724535.865785743109882, 5033115.07343343552202 ], [ 724541.212478127563372, 5033111.237610660493374 ], [ 724532.155659273732454, 5033096.987620979547501 ], [ 724525.023809634847566, 5033101.671849254518747 ] ] ] } },
{ "type": "Feature", "properties": { "Height": 10.75, "Floors": 3, "End Use": "Residential", "Lower End Use": "Residential", "Upper End Use": "Residential", "Envelope": "1970-1980", "id": "0021500017", "Name": "Building 0021500017", "ExtWallCoeff": 1.0, "VolCoeff": 1.0, "Cooling System": "IdealLoad", "Heating System": "IdealLoad", "Section": "280600000215", "Section_Keys": [ "Total_Buildings", "Total_Res", "Pop_Res", "P[0000-1919]", "P[1920-1945]", "P[1946-1960]", "P[1961-1970]", "P[1971-1980]", "P[1981-1990]", "P[1991-2000]", "P[2001-2005]", "P[2006-3000]", "P[1F]", "P[2F]", "P[3F]", "P[4F+]", "P[Res]" ], "Section_Values": [ 78.0, 55.0, 930.0, 0.30909090909090908, 0.2, 0.2, 0.25454545454545452, 0.018181818181818181, 0.018181818181818181, 0.0, 0.0, 0.0, 0.036363636363636362, 0.27272727272727271, 0.30909090909090908, 0.38181818181818183, 0.70512820512820518 ], "Height Source": null, "Floor Height Source": "Default", "EndUse Source": "Default", "Envelope Source": "Default", "Cooling System Source": "Default", "Heating System Source": "Default", "Solar Technologies": null, "CLUSTERLABEL": 1, "n": 1, "distance": 199.92196448329534, "feature_x": 724513.03513244947, "feature_y": 5033115.7822942995, "nearest_x": 724339.52991531463, "nearest_y": 5033215.1036490519 }, "geometry": { "type": "Polygon", "coordinates": [ [ [ 724518.161167554906569, 5033106.276707259006798 ], [ 724516.657690652529709, 5033107.135162680409849 ], [ 724514.984198407153599, 5033104.41690125502646 ], [ 724516.021501614712179, 5033103.230345167219639 ], [ 724513.845199291361496, 5033099.893464759923518 ], [ 724512.535848786821589, 5033100.580875016748905 ], [ 724509.714586097747087, 5033102.582505514845252 ], [ 724517.097485388629138, 5033113.469018800184131 ], [ 724513.035132449469529, 5033115.782294299453497 ], [ 724519.416940585710108, 5033125.743193440139294 ], [ 724527.23473126499448, 5033120.716373396106064 ], [ 724518.161167554906569, 5033106.276707259006798 ] ] ] } },
{ "type": "Feature", "properties": { "Height": 4.0, "Floors": 1, "End Use": "Residential", "Lower End Use": "Residential", "Upper End Use": "Residential", "Envelope": "1970-1980", "id": "0021500018", "Name": "Building 0021500018", "ExtWallCoeff": 1.0, "VolCoeff": 1.0, "Cooling System": "IdealLoad", "Heating System": "IdealLoad", "Section": "280600000215", "Section_Keys": [ "Total_Buildings", "Total_Res", "Pop_Res", "P[0000-1919]", "P[1920-1945]", "P[1946-1960]", "P[1961-1970]", "P[1971-1980]", "P[1981-1990]", "P[1991-2000]", "P[2001-2005]", "P[2006-3000]", "P[1F]", "P[2F]", "P[3F]", "P[4F+]", "P[Res]" ], "Section_Values": [ 78.0, 55.0, 930.0, 0.30909090909090908, 0.2, 0.2, 0.25454545454545452, 0.018181818181818181, 0.018181818181818181, 0.0, 0.0, 0.0, 0.036363636363636362, 0.27272727272727271, 0.30909090909090908, 0.38181818181818183, 0.70512820512820518 ], "Height Source": null, "Floor Height Source": "Default", "EndUse Source": "Default", "Envelope Source": "Default", "Cooling System Source": "Default", "Heating System Source": "Default", "Solar Technologies": null, "CLUSTERLABEL": 1, "n": 1, "distance": 210.50819800137012, "feature_x": 724529.35426589486, "feature_y": 5033124.1068504676, "nearest_x": 724339.52991531463, "nearest_y": 5033215.1036490519 }, "geometry": { "type": "Polygon", "coordinates": [ [ [ 724527.896833021426573, 5033120.384058486670256 ], [ 724529.959722992964089, 5033123.605660772882402 ], [ 724529.354265894857235, 5033124.10685046762228 ], [ 724533.491108294227161, 5033131.117751447483897 ], [ 724542.441253317403607, 5033125.753177513368428 ], [ 724535.865785743109882, 5033115.07343343552202 ], [ 724527.896833021426573, 5033120.384058486670256 ] ] ] } },
{ "type": "Feature", "properties": { "Height": 17.8, "Floors": 5, "End Use": "Residential", "Lower End Use": "Residential", "Upper End Use": "Residential", "Envelope": "Before 1930", "id": "0021500019", "Name": "Building 0021500019", "ExtWallCoeff": 1.0, "VolCoeff": 1.0, "Cooling System": "IdealLoad", "Heating System": "IdealLoad", "Section": "280600000215", "Section_Keys": [ "Total_Buildings", "Total_Res", "Pop_Res", "P[0000-1919]", "P[1920-1945]", "P[1946-1960]", "P[1961-1970]", "P[1971-1980]", "P[1981-1990]", "P[1991-2000]", "P[2001-2005]", "P[2006-3000]", "P[1F]", "P[2F]", "P[3F]", "P[4F+]", "P[Res]" ], "Section_Values": [ 78.0, 55.0, 930.0, 0.30909090909090908, 0.2, 0.2, 0.25454545454545452, 0.018181818181818181, 0.018181818181818181, 0.0, 0.0, 0.0, 0.036363636363636362, 0.27272727272727271, 0.30909090909090908, 0.38181818181818183, 0.70512820512820518 ], "Height Source": null, "Floor Height Source": "Default", "EndUse Source": "ISTAT", "Envelope Source": "ISTAT", "Cooling System Source": "Default", "Heating System Source": "Default", "Solar Technologies": null, "CLUSTERLABEL": 1, "n": 1, "distance": 237.4890880134972, "feature_x": 724540.29398847686, "feature_y": 5033088.2381539289, "nearest_x": 724339.52991531463, "nearest_y": 5033215.1036490519 }, "geometry": { "type": "Polygon", "coordinates": [ [ [ 724553.829424674622715, 5033090.942723312415183 ], [ 724551.81092043640092, 5033087.355622003786266 ], [ 724550.603278163471259, 5033088.046656243503094 ], [ 724544.615930436644703, 5033078.667108304798603 ], [ 724542.186077763559297, 5033080.237759506329894 ], [ 724540.241802837816067, 5033077.643305789679289 ], [ 724537.094569821609184, 5033079.777893086895347 ], [ 724538.959412671043538, 5033082.402880445122719 ], [ 724537.350533913820982, 5033083.580150374211371 ], [ 724545.685299753444269, 5033096.769879679195583 ], [ 724547.232224537758157, 5033099.083184435032308 ], [ 724553.552705853944644, 5033108.786089850589633 ], [ 724555.282406506477855, 5033107.735496893525124 ], [ 724561.987977153505199, 5033103.581133334897459 ], [ 724561.617104509728961, 5033102.778121060691774 ], [ 724555.310184312402271, 5033093.35377938952297 ], [ 724553.829424674622715, 5033090.942723312415183 ] ] ] } },
{ "type": "Feature", "properties": { "Height": 11.8, "Floors": 3, "End Use": "Residential", "Lower End Use": "Residential", "Upper End Use": "Residential", "Envelope": "Before 1930", "id": "0021500020", "Name": "Building 0021500020", "ExtWallCoeff": 1.0, "VolCoeff": 1.0, "Cooling System": "IdealLoad", "Heating System": "IdealLoad", "Section": "280600000215", "Section_Keys": [ "Total_Buildings", "Total_Res", "Pop_Res", "P[0000-1919]", "P[1920-1945]", "P[1946-1960]", "P[1961-1970]", "P[1971-1980]", "P[1981-1990]", "P[1991-2000]", "P[2001-2005]", "P[2006-3000]", "P[1F]", "P[2F]", "P[3F]", "P[4F+]", "P[Res]" ], "Section_Values": [ 78.0, 55.0, 930.0, 0.30909090909090908, 0.2, 0.2, 0.25454545454545452, 0.018181818181818181, 0.018181818181818181, 0.0, 0.0, 0.0, 0.036363636363636362, 0.27272727272727271, 0.30909090909090908, 0.38181818181818183, 0.70512820512820518 ], "Height Source": null, "Floor Height Source": "Default", "EndUse Source": "ISTAT", "Envelope Source": "ISTAT", "Cooling System Source": "Default", "Heating System Source": "Default", "Solar Technologies": null, "CLUSTERLABEL": 1, "n": 1, "distance": 229.30554628599904, "feature_x": 724549.80265479174, "feature_y": 5033123.6355748931, "nearest_x": 724339.52991531463, "nearest_y": 5033215.1036490519 }, "geometry": { "type": "Polygon", "coordinates": [ [ [ 724565.422915797447786, 5033105.895115964114666 ], [ 724563.437485432717949, 5033102.698514168150723 ], [ 724561.987977153505199, 5033103.581133334897459 ], [ 724555.282406506477855, 5033107.735496893525124 ], [ 724557.225256882142276, 5033110.808216932229698 ], [ 724561.061844653799199, 5033116.573705960065126 ], [ 724549.802654791739769, 5033123.635574893094599 ], [ 724554.711434704368003, 5033132.064492902718484 ], [ 724567.073584803612903, 5033123.95191175956279 ], [ 724568.063648790703155, 5033124.96613400336355 ], [ 724572.092054756125435, 5033122.507074938155711 ], [ 724573.170919514144771, 5033124.325362435542047 ], [ 724576.989044683170505, 5033122.270367908291519 ], [ 724570.519994517089799, 5033111.683372121304274 ], [ 724569.409815254039131, 5033112.277771094813943 ], [ 724565.422915797447786, 5033105.895115964114666 ] ] ] } },
{ "type": "Feature", "properties": { "Height": 6.167, "Floors": 2, "End Use": "Residential", "Lower End Use": "Residential", "Upper End Use": "Residential", "Envelope": "1970-1980", "id": "0021500021", "Name": "Building 0021500021", "ExtWallCoeff": 1.0, "VolCoeff": 1.0, "Cooling System": "IdealLoad", "Heating System": "IdealLoad", "Section": "280600000215", "Section_Keys": [ "Total_Buildings", "Total_Res", "Pop_Res", "P[0000-1919]", "P[1920-1945]", "P[1946-1960]", "P[1961-1970]", "P[1971-1980]", "P[1981-1990]", "P[1991-2000]", "P[2001-2005]", "P[2006-3000]", "P[1F]", "P[2F]", "P[3F]", "P[4F+]", "P[Res]" ], "Section_Values": [ 78.0, 55.0, 930.0, 0.30909090909090908, 0.2, 0.2, 0.25454545454545452, 0.018181818181818181, 0.018181818181818181, 0.0, 0.0, 0.0, 0.036363636363636362, 0.27272727272727271, 0.30909090909090908, 0.38181818181818183, 0.70512820512820518 ], "Height Source": null, "Floor Height Source": "Default", "EndUse Source": "Default", "Envelope Source": "Default", "Cooling System Source": "Default", "Heating System Source": "Default", "Solar Technologies": null, "CLUSTERLABEL": 2, "n": 1, "distance": 274.60518771650601, "feature_x": 724598.35157322208, "feature_y": 5033077.9940847745, "nearest_x": 724848.99031305464, "nearest_y": 5032965.7967977487 }, "geometry": { "type": "Polygon", "coordinates": [ [ [ 724585.022184851346537, 5033063.168742491863668 ], [ 724581.075221865903586, 5033066.198003815487027 ], [ 724581.005773917073384, 5033066.607094189152122 ], [ 724583.918289137887768, 5033070.826799912378192 ], [ 724585.937613591551781, 5033069.56408616527915 ], [ 724587.701408398104832, 5033072.385704104788601 ], [ 724586.186408670502715, 5033073.566314782015979 ], [ 724590.307757636765018, 5033081.01051852107048 ], [ 724598.351573222083971, 5033077.994084774516523 ], [ 724597.850181272951886, 5033076.89719753805548 ], [ 724592.146083134575747, 5033066.826933861710131 ], [ 724588.505279036005959, 5033069.399935823865235 ], [ 724585.022184851346537, 5033063.168742491863668 ] ] ] } },
{ "type": "Feature", "properties": { "Height": 6.85, "Floors": 2, "End Use": "Residential", "Lower End Use": "Residential", "Upper End Use": "Residential", "Envelope": "Before 1930", "id": "0021500022", "Name": "Building 0021500022", "ExtWallCoeff": 1.0, "VolCoeff": 1.0, "Cooling System": "IdealLoad", "Heating System": "IdealLoad", "Section": "280600000215", "Section_Keys": [ "Total_Buildings", "Total_Res", "Pop_Res", "P[0000-1919]", "P[1920-1945]", "P[1946-1960]", "P[1961-1970]", "P[1971-1980]", "P[1981-1990]", "P[1991-2000]", "P[2001-2005]", "P[2006-3000]", "P[1F]", "P[2F]", "P[3F]", "P[4F+]", "P[Res]" ], "Section_Values": [ 78.0, 55.0, 930.0, 0.30909090909090908, 0.2, 0.2, 0.25454545454545452, 0.018181818181818181, 0.018181818181818181, 0.0, 0.0, 0.0, 0.036363636363636362, 0.27272727272727271, 0.30909090909090908, 0.38181818181818183, 0.70512820512820518 ], "Height Source": null, "Floor Height Source": "Default", "EndUse Source": "ISTAT", "Envelope Source": "ISTAT", "Cooling System Source": "Default", "Heating System Source": "Default", "Solar Technologies": null, "CLUSTERLABEL": 1, "n": 1, "distance": 60.212790509961799, "feature_x": 724397.91005879524, "feature_y": 5033200.3612276707, "nearest_x": 724339.52991531463, "nearest_y": 5033215.1036490519 }, "geometry": { "type": "Polygon", "coordinates": [ [ [ 724405.055594056844711, 5033194.40927838627249 ], [ 724399.246830770047382, 5033198.684782643802464 ], [ 724397.910058795241639, 5033200.361227670684457 ], [ 724404.673859844915569, 5033209.278902962803841 ], [ 724416.439750607241876, 5033200.521857614628971 ], [ 724413.715665345080197, 5033196.50917868129909 ], [ 724410.369363923207857, 5033198.736830565147102 ], [ 724409.782283307402395, 5033197.625778494402766 ], [ 724408.060352725442499, 5033198.899155396036804 ], [ 724405.055594056844711, 5033194.40927838627249 ] ] ] } },
{ "type": "Feature", "properties": { "Height": 11.0, "Floors": 3, "End Use": "Residential", "Lower End Use": "Residential", "Upper End Use": "Residential", "Envelope": "1970-1980", "id": "0021500023", "Name": "Building 0021500023", "ExtWallCoeff": 1.0, "VolCoeff": 1.0, "Cooling System": "IdealLoad", "Heating System": "IdealLoad", "Section": "280600000215", "Section_Keys": [ "Total_Buildings", "Total_Res", "Pop_Res", "P[0000-1919]", "P[1920-1945]", "P[1946-1960]", "P[1961-1970]", "P[1971-1980]", "P[1981-1990]", "P[1991-2000]", "P[2001-2005]", "P[2006-3000]", "P[1F]", "P[2F]", "P[3F]", "P[4F+]", "P[Res]" ], "Section_Values": [ 78.0, 55.0, 930.0, 0.30909090909090908, 0.2, 0.2, 0.25454545454545452, 0.018181818181818181, 0.018181818181818181, 0.0, 0.0, 0.0, 0.036363636363636362, 0.27272727272727271, 0.30909090909090908, 0.38181818181818183, 0.70512820512820518 ], "Height Source": null, "Floor Height Source": "Default", "EndUse Source": "ISTAT", "Envelope Source": "Default", "Cooling System Source": "Default", "Heating System Source": "Default", "Solar Technologies": null, "CLUSTERLABEL": 1, "n": 1, "distance": 78.254719411421874, "feature_x": 724402.40234980558, "feature_y": 5033168.5111808693, "nearest_x": 724339.52991531463, "nearest_y": 5033215.1036490519 }, "geometry": { "type": "Polygon", "coordinates": [ [ [ 724411.403896052855998, 5033161.621248074807227 ], [ 724402.078241111477837, 5033168.073824716731906 ], [ 724408.962004926754162, 5033177.362858039326966 ], [ 724408.453728005755693, 5033177.556067942641675 ], [ 724410.581229579402134, 5033180.724316595122218 ], [ 724414.818386370083317, 5033179.218110232613981 ], [ 724416.73240045667626, 5033180.465500707738101 ], [ 724419.581828118418343, 5033178.331355853937566 ], [ 724415.332671497715637, 5033172.050679012201726 ], [ 724417.938551830593497, 5033170.375029711052775 ], [ 724418.784227500087582, 5033171.484186632558703 ], [ 724422.368045267998241, 5033169.187149270437658 ], [ 724414.852430949336849, 5033159.1636499799788 ], [ 724411.403896052855998, 5033161.621248074807227 ] ] ] } },
{ "type": "Feature", "properties": { "Height": 13.4, "Floors": 4, "End Use": "Residential", "Lower End Use": "Residential", "Upper End Use": "Residential", "Envelope": "Before 1930", "id": "0021500024", "Name": "Building 0021500024", "ExtWallCoeff": 1.0, "VolCoeff": 1.0, "Cooling System": "IdealLoad", "Heating System": "IdealLoad", "Section": "280600000215", "Section_Keys": [ "Total_Buildings", "Total_Res", "Pop_Res", "P[0000-1919]", "P[1920-1945]", "P[1946-1960]", "P[1961-1970]", "P[1971-1980]", "P[1981-1990]", "P[1991-2000]", "P[2001-2005]", "P[2006-3000]", "P[1F]", "P[2F]", "P[3F]", "P[4F+]", "P[Res]" ], "Section_Values": [ 78.0, 55.0, 930.0, 0.30909090909090908, 0.2, 0.2, 0.25454545454545452, 0.018181818181818181, 0.018181818181818181, 0.0, 0.0, 0.0, 0.036363636363636362, 0.27272727272727271, 0.30909090909090908, 0.38181818181818183, 0.70512820512820518 ], "Height Source": null, "Floor Height Source": "Default", "EndUse Source": "ISTAT", "Envelope Source": "ISTAT", "Cooling System Source": "Default", "Heating System Source": "Default", "Solar Technologies": null, "CLUSTERLABEL": 1, "n": 1, "distance": 37.163394549351651, "feature_x": 724376.15635247994, "feature_y": 5033221.3982495163, "nearest_x": 724339.52991531463, "nearest_y": 5033215.1036490519 }, "geometry": { "type": "Polygon", "coordinates": [ [ [ 724408.759825192391872, 5033243.184532674960792 ], [ 724395.902308288612403, 5033224.7946622306481 ], [ 724398.259773869533092, 5033223.054525313898921 ], [ 724389.705109060625546, 5033211.414441433735192 ], [ 724376.156352479942143, 5033221.398249516263604 ], [ 724384.444024748168886, 5033232.617218821309507 ], [ 724383.301692967070267, 5033233.455217776820064 ], [ 724385.781560682458803, 5033236.847377518191934 ], [ 724384.558214119402692, 5033237.760350138880312 ], [ 724386.942312147002667, 5033240.982241011224687 ], [ 724386.577545191161335, 5033241.325178216211498 ], [ 724392.778083410463296, 5033250.000276275910437 ], [ 724393.989933677716181, 5033249.409476661123335 ], [ 724396.149606995284557, 5033252.334152965806425 ], [ 724408.759825192391872, 5033243.184532674960792 ] ] ] } },
{ "type": "Feature", "properties": { "Height": 14.5, "Floors": 4, "End Use": "Residential", "Lower End Use": "Residential", "Upper End Use": "Residential", "Envelope": "Before 1930", "id": "0021500025", "Name": "Building 0021500025", "ExtWallCoeff": 1.0, "VolCoeff": 1.0, "Cooling System": "IdealLoad", "Heating System": "IdealLoad", "Section": "280600000215", "Section_Keys": [ "Total_Buildings", "Total_Res", "Pop_Res", "P[0000-1919]", "P[1920-1945]", "P[1946-1960]", "P[1961-1970]", "P[1971-1980]", "P[1981-1990]", "P[1991-2000]", "P[2001-2005]", "P[2006-3000]", "P[1F]", "P[2F]", "P[3F]", "P[4F+]", "P[Res]" ], "Section_Values": [ 78.0, 55.0, 930.0, 0.30909090909090908, 0.2, 0.2, 0.25454545454545452, 0.018181818181818181, 0.018181818181818181, 0.0, 0.0, 0.0, 0.036363636363636362, 0.27272727272727271, 0.30909090909090908, 0.38181818181818183, 0.70512820512820518 ], "Height Source": null, "Floor Height Source": "Default", "EndUse Source": "ISTAT", "Envelope Source": "ISTAT", "Cooling System Source": "Default", "Heating System Source": "Default", "Solar Technologies": null, "CLUSTERLABEL": 1, "n": 1, "distance": 254.2184516768009, "feature_x": 724547.36913526489, "feature_y": 5033068.7141691586, "nearest_x": 724339.52991531463, "nearest_y": 5033215.1036490519 }, "geometry": { "type": "Polygon", "coordinates": [ [ [ 724549.259303224971518, 5033055.473507129587233 ], [ 724541.828557847999036, 5033060.847830066457391 ], [ 724548.434840825968422, 5033070.227224691770971 ], [ 724549.200501305051148, 5033070.944219615310431 ], [ 724552.939432789105922, 5033068.474811379797757 ], [ 724556.574248495046049, 5033073.309838986955583 ], [ 724559.914649165002629, 5033070.592611400410533 ], [ 724562.164154987665825, 5033069.02665057964623 ], [ 724560.173047165153548, 5033066.208047879859805 ], [ 724552.530436720466241, 5033056.012992704287171 ], [ 724551.284970895037986, 5033054.033032680861652 ], [ 724549.259303224971518, 5033055.473507129587233 ] ] ] } },
{ "type": "Feature", "properties": { "Height": 16.8, "Floors": 5, "End Use": "Residential", "Lower End Use": "Residential", "Upper End Use": "Residential", "Envelope": "Before 1930", "id": "0021500026", "Name": "Building 0021500026", "ExtWallCoeff": 1.0, "VolCoeff": 1.0, "Cooling System": "IdealLoad", "Heating System": "IdealLoad", "Section": "280600000215", "Section_Keys": [ "Total_Buildings", "Total_Res", "Pop_Res", "P[0000-1919]", "P[1920-1945]", "P[1946-1960]", "P[1961-1970]", "P[1971-1980]", "P[1981-1990]", "P[1991-2000]", "P[2001-2005]", "P[2006-3000]", "P[1F]", "P[2F]", "P[3F]", "P[4F+]", "P[Res]" ], "Section_Values": [ 78.0, 55.0, 930.0, 0.30909090909090908, 0.2, 0.2, 0.25454545454545452, 0.018181818181818181, 0.018181818181818181, 0.0, 0.0, 0.0, 0.036363636363636362, 0.27272727272727271, 0.30909090909090908, 0.38181818181818183, 0.70512820512820518 ], "Height Source": null, "Floor Height Source": "Default", "EndUse Source": "ISTAT", "Envelope Source": "ISTAT", "Cooling System Source": "Default", "Heating System Source": "Default", "Solar Technologies": null, "CLUSTERLABEL": 1, "n": 1, "distance": 232.22271140920128, "feature_x": 724525.86695483921, "feature_y": 5033076.5183129031, "nearest_x": 724339.52991531463, "nearest_y": 5033215.1036490519 }, "geometry": { "type": "Polygon", "coordinates": [ [ [ 724524.035492674564011, 5033073.616433782503009 ], [ 724525.415453426074237, 5033075.779165868647397 ], [ 724525.866954839206301, 5033076.518312903121114 ], [ 724530.909288849099539, 5033083.183335804380476 ], [ 724536.70378919725772, 5033078.874060240574181 ], [ 724537.094569821609184, 5033079.777893086895347 ], [ 724540.241802837816067, 5033077.643305789679289 ], [ 724539.934421405429021, 5033076.597844565287232 ], [ 724548.434840825968422, 5033070.227224691770971 ], [ 724541.828557847999036, 5033060.847830066457391 ], [ 724524.035492674564011, 5033073.616433782503009 ] ] ] } },
{ "type": "Feature", "properties": { "Height": 6.7, "Floors": 2, "End Use": "Residential", "Lower End Use": "Residential", "Upper End Use": "Residential", "Envelope": "1970-1980", "id": "0021500027", "Name": "Building 0021500027", "ExtWallCoeff": 1.0, "VolCoeff": 1.0, "Cooling System": "IdealLoad", "Heating System": "IdealLoad", "Section": "280600000215", "Section_Keys": [ "Total_Buildings", "Total_Res", "Pop_Res", "P[0000-1919]", "P[1920-1945]", "P[1946-1960]", "P[1961-1970]", "P[1971-1980]", "P[1981-1990]", "P[1991-2000]", "P[2001-2005]", "P[2006-3000]", "P[1F]", "P[2F]", "P[3F]", "P[4F+]", "P[Res]" ], "Section_Values": [ 78.0, 55.0, 930.0, 0.30909090909090908, 0.2, 0.2, 0.25454545454545452, 0.018181818181818181, 0.018181818181818181, 0.0, 0.0, 0.0, 0.036363636363636362, 0.27272727272727271, 0.30909090909090908, 0.38181818181818183, 0.70512820512820518 ], "Height Source": null, "Floor Height Source": "Default", "EndUse Source": "ISTAT", "Envelope Source": "Default", "Cooling System Source": "Default", "Heating System Source": "Default", "Solar Technologies": null, "CLUSTERLABEL": 1, "n": 1, "distance": 279.36456971730701, "feature_x": 724567.41036255355, "feature_y": 5033053.5020878604, "nearest_x": 724339.52991531463, "nearest_y": 5033215.1036490519 }, "geometry": { "type": "Polygon", "coordinates": [ [ [ 724572.870506251230836, 5033038.396565470844507 ], [ 724565.146253868355416, 5033043.871618478558958 ], [ 724566.91039343457669, 5033046.025830496102571 ], [ 724563.853348483098671, 5033048.486208365298808 ], [ 724571.655173946986906, 5033059.487856263294816 ], [ 724579.209154054755345, 5033054.173584670759737 ], [ 724582.09984148805961, 5033051.106603452935815 ], [ 724574.509743225760758, 5033040.757666623219848 ], [ 724572.870506251230836, 5033038.396565470844507 ] ] ] } },
{ "type": "Feature", "properties": { "Height": 7.7, "Floors": 2, "End Use": "Residential", "Lower End Use": "Residential", "Upper End Use": "Residential", "Envelope": "Before 1930", "id": "0021500028", "Name": "Building 0021500028", "ExtWallCoeff": 1.0, "VolCoeff": 1.0, "Cooling System": "IdealLoad", "Heating System": "IdealLoad", "Section": "280600000215", "Section_Keys": [ "Total_Buildings", "Total_Res", "Pop_Res", "P[0000-1919]", "P[1920-1945]", "P[1946-1960]", "P[1961-1970]", "P[1971-1980]", "P[1981-1990]", "P[1991-2000]", "P[2001-2005]", "P[2006-3000]", "P[1F]", "P[2F]", "P[3F]", "P[4F+]", "P[Res]" ], "Section_Values": [ 78.0, 55.0, 930.0, 0.30909090909090908, 0.2, 0.2, 0.25454545454545452, 0.018181818181818181, 0.018181818181818181, 0.0, 0.0, 0.0, 0.036363636363636362, 0.27272727272727271, 0.30909090909090908, 0.38181818181818183, 0.70512820512820518 ], "Height Source": null, "Floor Height Source": "Default", "EndUse Source": "ISTAT", "Envelope Source": "ISTAT", "Cooling System Source": "Default", "Heating System Source": "Default", "Solar Technologies": null, "CLUSTERLABEL": 2, "n": 1, "distance": 276.000084866392, "feature_x": 724592.14608313458, "feature_y": 5033066.8269338617, "nearest_x": 724848.99031305464, "nearest_y": 5032965.7967977487 }, "geometry": { "type": "Polygon", "coordinates": [ [ [ 724582.09984148805961, 5033051.106603452935815 ], [ 724579.209154054755345, 5033054.173584670759737 ], [ 724582.957357535371557, 5033059.123912272043526 ], [ 724585.022184851346537, 5033063.168742491863668 ], [ 724588.505279036005959, 5033069.399935823865235 ], [ 724592.146083134575747, 5033066.826933861710131 ], [ 724586.784714839188382, 5033057.469697380438447 ], [ 724582.09984148805961, 5033051.106603452935815 ] ] ] } },
{ "type": "Feature", "properties": { "Height": 12.85, "Floors": 4, "End Use": "Residential", "Lower End Use": "Residential", "Upper End Use": "Residential", "Envelope": "1970-1980", "id": "0021500029", "Name": "Building 0021500029", "ExtWallCoeff": 1.0, "VolCoeff": 1.0, "Cooling System": "IdealLoad", "Heating System": "IdealLoad", "Section": "280600000215", "Section_Keys": [ "Total_Buildings", "Total_Res", "Pop_Res", "P[0000-1919]", "P[1920-1945]", "P[1946-1960]", "P[1961-1970]", "P[1971-1980]", "P[1981-1990]", "P[1991-2000]", "P[2001-2005]", "P[2006-3000]", "P[1F]", "P[2F]", "P[3F]", "P[4F+]", "P[Res]" ], "Section_Values": [ 78.0, 55.0, 930.0, 0.30909090909090908, 0.2, 0.2, 0.25454545454545452, 0.018181818181818181, 0.018181818181818181, 0.0, 0.0, 0.0, 0.036363636363636362, 0.27272727272727271, 0.30909090909090908, 0.38181818181818183, 0.70512820512820518 ], "Height Source": null, "Floor Height Source": "Default", "EndUse Source": "ISTAT", "Envelope Source": "Default", "Cooling System Source": "Default", "Heating System Source": "Default", "Solar Technologies": null, "CLUSTERLABEL": 1, "n": 1, "distance": 265.85533482753016, "feature_x": 724552.53043672047, "feature_y": 5033056.0129927043, "nearest_x": 724339.52991531463, "nearest_y": 5033215.1036490519 }, "geometry": { "type": "Polygon", "coordinates": [ [ [ 724552.530436720466241, 5033056.012992704287171 ], [ 724560.173047165153548, 5033066.208047879859805 ], [ 724566.329990465426818, 5033061.622526838444173 ], [ 724559.435739832464606, 5033051.532048849388957 ], [ 724552.530436720466241, 5033056.012992704287171 ] ] ] } },
{ "type": "Feature", "properties": { "Height": 9.0, "Floors": 3, "End Use": "Residential", "Lower End Use": "Residential", "Upper End Use": "Residential", "Envelope": "1970-1980", "id": "0021500030", "Name": "Building 0021500030", "ExtWallCoeff": 1.0, "VolCoeff": 1.0, "Cooling System": "IdealLoad", "Heating System": "IdealLoad", "Section": "280600000215", "Section_Keys": [ "Total_Buildings", "Total_Res", "Pop_Res", "P[0000-1919]", "P[1920-1945]", "P[1946-1960]", "P[1961-1970]", "P[1971-1980]", "P[1981-1990]", "P[1991-2000]", "P[2001-2005]", "P[2006-3000]", "P[1F]", "P[2F]", "P[3F]", "P[4F+]", "P[Res]" ], "Section_Values": [ 78.0, 55.0, 930.0, 0.30909090909090908, 0.2, 0.2, 0.25454545454545452, 0.018181818181818181, 0.018181818181818181, 0.0, 0.0, 0.0, 0.036363636363636362, 0.27272727272727271, 0.30909090909090908, 0.38181818181818183, 0.70512820512820518 ], "Height Source": null, "Floor Height Source": "Default", "EndUse Source": "ISTAT", "Envelope Source": "Default", "Cooling System Source": "Default", "Heating System Source": "Default", "Solar Technologies": null, "CLUSTERLABEL": 1, "n": 1, "distance": 182.12899783398464, "feature_x": 724474.59905820666, "feature_y": 5033337.2809730135, "nearest_x": 724339.52991531463, "nearest_y": 5033215.1036490519 }, "geometry": { "type": "Polygon", "coordinates": [ [ [ 724474.59905820665881, 5033337.280973013490438 ], [ 724479.619158940622583, 5033348.294469733722508 ], [ 724488.977254579542205, 5033344.001138582825661 ], [ 724488.783457431476563, 5033343.504785885103047 ], [ 724493.9149820843013, 5033340.862595772370696 ], [ 724489.341045319684781, 5033330.298830344341695 ], [ 724474.59905820665881, 5033337.280973013490438 ] ] ] } },
{ "type": "Feature", "properties": { "Height": 6.033, "Floors": 2, "End Use": "Residential", "Lower End Use": "Residential", "Upper End Use": "Residential", "Envelope": "1970-1980", "id": "0021500031", "Name": "Building 0021500031", "ExtWallCoeff": 1.0, "VolCoeff": 1.0, "Cooling System": "IdealLoad", "Heating System": "IdealLoad", "Section": "280600000215", "Section_Keys": [ "Total_Buildings", "Total_Res", "Pop_Res", "P[0000-1919]", "P[1920-1945]", "P[1946-1960]", "P[1961-1970]", "P[1971-1980]", "P[1981-1990]", "P[1991-2000]", "P[2001-2005]", "P[2006-3000]", "P[1F]", "P[2F]", "P[3F]", "P[4F+]", "P[Res]" ], "Section_Values": [ 78.0, 55.0, 930.0, 0.30909090909090908, 0.2, 0.2, 0.25454545454545452, 0.018181818181818181, 0.018181818181818181, 0.0, 0.0, 0.0, 0.036363636363636362, 0.27272727272727271, 0.30909090909090908, 0.38181818181818183, 0.70512820512820518 ], "Height Source": null, "Floor Height Source": "Default", "EndUse Source": "ISTAT", "Envelope Source": "Default", "Cooling System Source": "Default", "Heating System Source": "Default", "Solar Technologies": null, "CLUSTERLABEL": 1, "n": 1, "distance": 101.89606002560531, "feature_x": 724438.95610365167, "feature_y": 5033192.8047674317, "nearest_x": 724339.52991531463, "nearest_y": 5033215.1036490519 }, "geometry": { "type": "Polygon", "coordinates": [ [ [ 724451.483282735105604, 5033174.353005341254175 ], [ 724440.619683158118278, 5033181.751754124648869 ], [ 724438.868031080346555, 5033182.97956860344857 ], [ 724437.186400449136272, 5033184.22100589890033 ], [ 724441.705592540092766, 5033191.05638852994889 ], [ 724438.956103651667945, 5033192.804767431691289 ], [ 724446.606497232918628, 5033203.8787213973701 ], [ 724447.906939731677994, 5033205.415682887658477 ], [ 724464.021851405268535, 5033192.898460233584046 ], [ 724458.261475838720798, 5033184.183382293209434 ], [ 724451.483282735105604, 5033174.353005341254175 ] ] ] } },
{ "type": "Feature", "properties": { "Height": 14.0, "Floors": 4, "End Use": "Residential", "Lower End Use": "Residential", "Upper End Use": "Residential", "Envelope": "1970-1980", "id": "0021500032", "Name": "Building 0021500032", "ExtWallCoeff": 1.0, "VolCoeff": 1.0, "Cooling System": "IdealLoad", "Heating System": "IdealLoad", "Section": "280600000215", "Section_Keys": [ "Total_Buildings", "Total_Res", "Pop_Res", "P[0000-1919]", "P[1920-1945]", "P[1946-1960]", "P[1961-1970]", "P[1971-1980]", "P[1981-1990]", "P[1991-2000]", "P[2001-2005]", "P[2006-3000]", "P[1F]", "P[2F]", "P[3F]", "P[4F+]", "P[Res]" ], "Section_Values": [ 78.0, 55.0, 930.0, 0.30909090909090908, 0.2, 0.2, 0.25454545454545452, 0.018181818181818181, 0.018181818181818181, 0.0, 0.0, 0.0, 0.036363636363636362, 0.27272727272727271, 0.30909090909090908, 0.38181818181818183, 0.70512820512820518 ], "Height Source": null, "Floor Height Source": "Default", "EndUse Source": "Default", "Envelope Source": "Default", "Cooling System Source": "Default", "Heating System Source": "Default", "Solar Technologies": null, "CLUSTERLABEL": 1, "n": 1, "distance": 78.931791813703498, "feature_x": 724410.5812295794, "feature_y": 5033180.7243165951, "nearest_x": 724339.52991531463, "nearest_y": 5033215.1036490519 }, "geometry": { "type": "Polygon", "coordinates": [ [ [ 724416.73240045667626, 5033180.465500707738101 ], [ 724414.818386370083317, 5033179.218110232613981 ], [ 724410.581229579402134, 5033180.724316595122218 ], [ 724418.69260095723439, 5033192.493214753456414 ], [ 724425.120238654548302, 5033201.610264083370566 ], [ 724427.491491855471395, 5033199.703776440583169 ], [ 724427.011760071734898, 5033199.097111088223755 ], [ 724428.622862948104739, 5033198.075624709948897 ], [ 724424.637267220299691, 5033192.093556319363415 ], [ 724420.075766245950945, 5033185.34566539991647 ], [ 724416.73240045667626, 5033180.465500707738101 ] ] ] } },
{ "type": "Feature", "properties": { "Height": 6.7, "Floors": 2, "End Use": "Residential", "Lower End Use": "Residential", "Upper End Use": "Residential", "Envelope": "1970-1980", "id": "0021500033", "Name": "Building 0021500033", "ExtWallCoeff": 1.0, "VolCoeff": 1.0, "Cooling System": "IdealLoad", "Heating System": "IdealLoad", "Section": "280600000215", "Section_Keys": [ "Total_Buildings", "Total_Res", "Pop_Res", "P[0000-1919]", "P[1920-1945]", "P[1946-1960]", "P[1961-1970]", "P[1971-1980]", "P[1981-1990]", "P[1991-2000]", "P[2001-2005]", "P[2006-3000]", "P[1F]", "P[2F]", "P[3F]", "P[4F+]", "P[Res]" ], "Section_Values": [ 78.0, 55.0, 930.0, 0.30909090909090908, 0.2, 0.2, 0.25454545454545452, 0.018181818181818181, 0.018181818181818181, 0.0, 0.0, 0.0, 0.036363636363636362, 0.27272727272727271, 0.30909090909090908, 0.38181818181818183, 0.70512820512820518 ], "Height Source": null, "Floor Height Source": "Default", "EndUse Source": "ISTAT", "Envelope Source": "Default", "Cooling System Source": "Default", "Heating System Source": "Default", "Solar Technologies": null, "CLUSTERLABEL": 1, "n": 1, "distance": 91.452868690958326, "feature_x": 724429.65768742375, "feature_y": 5033199.591979688, "nearest_x": 724339.52991531463, "nearest_y": 5033215.1036490519 }, "geometry": { "type": "Polygon", "coordinates": [ [ [ 724438.956103651667945, 5033192.804767431691289 ], [ 724429.657687423750758, 5033199.591979688033462 ], [ 724431.023188046179712, 5033201.720804790966213 ], [ 724436.173033744329587, 5033209.323964852839708 ], [ 724436.828648364404216, 5033210.270613018423319 ], [ 724446.606497232918628, 5033203.8787213973701 ], [ 724438.956103651667945, 5033192.804767431691289 ] ] ] } },
{ "type": "Feature", "properties": { "Height": 3.7, "Floors": 1, "End Use": "Residential", "Lower End Use": "Residential", "Upper End Use": "Residential", "Envelope": "Before 1930", "id": "0021500034", "Name": "Building 0021500034", "ExtWallCoeff": 1.0, "VolCoeff": 1.0, "Cooling System": "IdealLoad", "Heating System": "IdealLoad", "Section": "280600000215", "Section_Keys": [ "Total_Buildings", "Total_Res", "Pop_Res", "P[0000-1919]", "P[1920-1945]", "P[1946-1960]", "P[1961-1970]", "P[1971-1980]", "P[1981-1990]", "P[1991-2000]", "P[2001-2005]", "P[2006-3000]", "P[1F]", "P[2F]", "P[3F]", "P[4F+]", "P[Res]" ], "Section_Values": [ 78.0, 55.0, 930.0, 0.30909090909090908, 0.2, 0.2, 0.25454545454545452, 0.018181818181818181, 0.018181818181818181, 0.0, 0.0, 0.0, 0.036363636363636362, 0.27272727272727271, 0.30909090909090908, 0.38181818181818183, 0.70512820512820518 ], "Height Source": null, "Floor Height Source": "Default", "EndUse Source": "ISTAT", "Envelope Source": "ISTAT", "Cooling System Source": "Default", "Heating System Source": "Default", "Solar Technologies": null, "CLUSTERLABEL": 1, "n": 1, "distance": 70.387299809663816, "feature_x": 724409.9069350966, "feature_y": 5033216.3065875806, "nearest_x": 724339.52991531463, "nearest_y": 5033215.1036490519 }, "geometry": { "type": "Polygon", "coordinates": [ [ [ 724409.906935096601956, 5033216.30658758059144 ], [ 724411.174793180311099, 5033218.098218948580325 ], [ 724415.135532991494983, 5033223.678946302272379 ], [ 724424.561358750215732, 5033217.051991653628647 ], [ 724419.333161434042268, 5033209.668515620753169 ], [ 724409.906935096601956, 5033216.30658758059144 ] ] ] } },
{ "type": "Feature", "properties": { "Height": 6.325, "Floors": 2, "End Use": "Residential", "Lower End Use": "Residential", "Upper End Use": "Residential", "Envelope": "1970-1980", "id": "0021500035", "Name": "Building 0021500035", "ExtWallCoeff": 1.0, "VolCoeff": 1.0, "Cooling System": "IdealLoad", "Heating System": "IdealLoad", "Section": "280600000215", "Section_Keys": [ "Total_Buildings", "Total_Res", "Pop_Res", "P[0000-1919]", "P[1920-1945]", "P[1946-1960]", "P[1961-1970]", "P[1971-1980]", "P[1981-1990]", "P[1991-2000]", "P[2001-2005]", "P[2006-3000]", "P[1F]", "P[2F]", "P[3F]", "P[4F+]", "P[Res]" ], "Section_Values": [ 78.0, 55.0, 930.0, 0.30909090909090908, 0.2, 0.2, 0.25454545454545452, 0.018181818181818181, 0.018181818181818181, 0.0, 0.0, 0.0, 0.036363636363636362, 0.27272727272727271, 0.30909090909090908, 0.38181818181818183, 0.70512820512820518 ], "Height Source": null, "Floor Height Source": "Default", "EndUse Source": "ISTAT", "Envelope Source": "Default", "Cooling System Source": "Default", "Heating System Source": "Default", "Solar Technologies": null, "CLUSTERLABEL": 1, "n": 1, "distance": 57.711780778120762, "feature_x": 724384.29524949274, "feature_y": 5033178.6795567982, "nearest_x": 724339.52991531463, "nearest_y": 5033215.1036490519 }, "geometry": { "type": "Polygon", "coordinates": [ [ [ 724391.383345210924745, 5033176.235072456300259 ], [ 724391.157737639150582, 5033175.971182328648865 ], [ 724389.492022110847756, 5033174.131990263238549 ], [ 724383.992358317947946, 5033178.307302506640553 ], [ 724391.887618516222574, 5033188.010604341514409 ], [ 724393.842393821687438, 5033186.578678542748094 ], [ 724396.442121191881597, 5033189.685906881466508 ], [ 724398.32925474923104, 5033188.173704416491091 ], [ 724398.729578253347427, 5033187.932147872634232 ], [ 724396.95464153913781, 5033185.421646242961287 ], [ 724397.964765844284557, 5033184.556684808805585 ], [ 724394.867188318632543, 5033180.252601407468319 ], [ 724391.383345210924745, 5033176.235072456300259 ] ] ] } },
{ "type": "Feature", "properties": { "Height": 8.433, "Floors": 2, "End Use": "Residential", "Lower End Use": "Residential", "Upper End Use": "Residential", "Envelope": "1970-1980", "id": "0021500036", "Name": "Building 0021500036", "ExtWallCoeff": 1.0, "VolCoeff": 1.0, "Cooling System": "IdealLoad", "Heating System": "IdealLoad", "Section": "280600000215", "Section_Keys": [ "Total_Buildings", "Total_Res", "Pop_Res", "P[0000-1919]", "P[1920-1945]", "P[1946-1960]", "P[1961-1970]", "P[1971-1980]", "P[1981-1990]", "P[1991-2000]", "P[2001-2005]", "P[2006-3000]", "P[1F]", "P[2F]", "P[3F]", "P[4F+]", "P[Res]" ], "Section_Values": [ 78.0, 55.0, 930.0, 0.30909090909090908, 0.2, 0.2, 0.25454545454545452, 0.018181818181818181, 0.018181818181818181, 0.0, 0.0, 0.0, 0.036363636363636362, 0.27272727272727271, 0.30909090909090908, 0.38181818181818183, 0.70512820512820518 ], "Height Source": null, "Floor Height Source": "Default", "EndUse Source": "ISTAT", "Envelope Source": "Default", "Cooling System Source": "Default", "Heating System Source": "Default", "Solar Technologies": null, "CLUSTERLABEL": 1, "n": 1, "distance": 52.146262459843683, "feature_x": 724381.25924156164, "feature_y": 5033183.8323200187, "nearest_x": 724339.52991531463, "nearest_y": 5033215.1036490519 }, "geometry": { "type": "Polygon", "coordinates": [ [ [ 724383.992358317947946, 5033178.307302506640553 ], [ 724379.619393161032349, 5033181.644060963764787 ], [ 724389.049216974177398, 5033194.227478634566069 ], [ 724390.333286572364159, 5033193.149820414371789 ], [ 724390.956131168175489, 5033193.917317949235439 ], [ 724397.171713622985408, 5033200.635217255912721 ], [ 724397.910058795241639, 5033200.361227670684457 ], [ 724399.246830770047382, 5033198.684782643802464 ], [ 724397.729886144050397, 5033196.628426051698625 ], [ 724398.534599857754074, 5033195.811753053218126 ], [ 724395.583894532406703, 5033192.002343383617699 ], [ 724394.676881683990359, 5033192.392673651687801 ], [ 724394.06067230924964, 5033191.658782980404794 ], [ 724393.300957415252924, 5033190.77516655344516 ], [ 724391.887618516222574, 5033188.010604341514409 ], [ 724383.992358317947946, 5033178.307302506640553 ] ] ] } },
{ "type": "Feature", "properties": { "Height": 5.4, "Floors": 2, "End Use": "Residential", "Lower End Use": "Residential", "Upper End Use": "Residential", "Envelope": "Before 1930", "id": "0021500037", "Name": "Building 0021500037", "ExtWallCoeff": 1.0, "VolCoeff": 1.0, "Cooling System": "IdealLoad", "Heating System": "IdealLoad", "Section": "280600000215", "Section_Keys": [ "Total_Buildings", "Total_Res", "Pop_Res", "P[0000-1919]", "P[1920-1945]", "P[1946-1960]", "P[1961-1970]", "P[1971-1980]", "P[1981-1990]", "P[1991-2000]", "P[2001-2005]", "P[2006-3000]", "P[1F]", "P[2F]", "P[3F]", "P[4F+]", "P[Res]" ], "Section_Values": [ 78.0, 55.0, 930.0, 0.30909090909090908, 0.2, 0.2, 0.25454545454545452, 0.018181818181818181, 0.018181818181818181, 0.0, 0.0, 0.0, 0.036363636363636362, 0.27272727272727271, 0.30909090909090908, 0.38181818181818183, 0.70512820512820518 ], "Height Source": null, "Floor Height Source": "Default", "EndUse Source": "Default", "Envelope Source": "ISTAT", "Cooling System Source": "Default", "Heating System Source": "Default", "Solar Technologies": null, "CLUSTERLABEL": 1, "n": 1, "distance": 64.803892156061849, "feature_x": 724391.38334521092, "feature_y": 5033176.2350724563, "nearest_x": 724339.52991531463, "nearest_y": 5033215.1036490519 }, "geometry": { "type": "Polygon", "coordinates": [ [ [ 724398.442918376065791, 5033170.936333908699453 ], [ 724391.383345210924745, 5033176.235072456300259 ], [ 724394.867188318632543, 5033180.252601407468319 ], [ 724395.427269628969952, 5033179.705286847427487 ], [ 724395.926221724948846, 5033180.212523746304214 ], [ 724397.832469853339717, 5033178.823361497372389 ], [ 724401.008787831757218, 5033182.896662482991815 ], [ 724405.158120277221315, 5033180.119237011298537 ], [ 724398.442918376065791, 5033170.936333908699453 ] ] ] } },
{ "type": "Feature", "properties": { "Height": 9.15, "Floors": 3, "End Use": "Residential", "Lower End Use": "Residential", "Upper End Use": "Residential", "Envelope": "1970-1980", "id": "0021500038", "Name": "Building 0021500038", "ExtWallCoeff": 1.0, "VolCoeff": 1.0, "Cooling System": "IdealLoad", "Heating System": "IdealLoad", "Section": "280600000215", "Section_Keys": [ "Total_Buildings", "Total_Res", "Pop_Res", "P[0000-1919]", "P[1920-1945]", "P[1946-1960]", "P[1961-1970]", "P[1971-1980]", "P[1981-1990]", "P[1991-2000]", "P[2001-2005]", "P[2006-3000]", "P[1F]", "P[2F]", "P[3F]", "P[4F+]", "P[Res]" ], "Section_Values": [ 78.0, 55.0, 930.0, 0.30909090909090908, 0.2, 0.2, 0.25454545454545452, 0.018181818181818181, 0.018181818181818181, 0.0, 0.0, 0.0, 0.036363636363636362, 0.27272727272727271, 0.30909090909090908, 0.38181818181818183, 0.70512820512820518 ], "Height Source": null, "Floor Height Source": "Default", "EndUse Source": "Default", "Envelope Source": "Default", "Cooling System Source": "Default", "Heating System Source": "Default", "Solar Technologies": null, "CLUSTERLABEL": 1, "n": 1, "distance": 167.46070241295104, "feature_x": 724475.5872033037, "feature_y": 5033117.4742414039, "nearest_x": 724339.52991531463, "nearest_y": 5033215.1036490519 }, "geometry": { "type": "Polygon", "coordinates": [ [ [ 724476.599846605677158, 5033110.03231252823025 ], [ 724472.619581802515313, 5033113.338535339571536 ], [ 724480.925861741416156, 5033124.91424750443548 ], [ 724483.092180223437026, 5033127.87256040237844 ], [ 724485.91699204093311, 5033125.770934380590916 ], [ 724483.46398328547366, 5033121.845765533857048 ], [ 724484.75847067637369, 5033121.135572201572359 ], [ 724476.599846605677158, 5033110.03231252823025 ] ] ] } },
{ "type": "Feature", "properties": { "Height": 7.9, "Floors": 2, "End Use": "Residential", "Lower End Use": "Residential", "Upper End Use": "Residential", "Envelope": "Before 1930", "id": "0021500039", "Name": "Building 0021500039", "ExtWallCoeff": 1.0, "VolCoeff": 1.0, "Cooling System": "IdealLoad", "Heating System": "IdealLoad", "Section": "280600000215", "Section_Keys": [ "Total_Buildings", "Total_Res", "Pop_Res", "P[0000-1919]", "P[1920-1945]", "P[1946-1960]", "P[1961-1970]", "P[1971-1980]", "P[1981-1990]", "P[1991-2000]", "P[2001-2005]", "P[2006-3000]", "P[1F]", "P[2F]", "P[3F]", "P[4F+]", "P[Res]" ], "Section_Values": [ 78.0, 55.0, 930.0, 0.30909090909090908, 0.2, 0.2, 0.25454545454545452, 0.018181818181818181, 0.018181818181818181, 0.0, 0.0, 0.0, 0.036363636363636362, 0.27272727272727271, 0.30909090909090908, 0.38181818181818183, 0.70512820512820518 ], "Height Source": null, "Floor Height Source": "Default", "EndUse Source": "ISTAT", "Envelope Source": "ISTAT", "Cooling System Source": "Default", "Heating System Source": "Default", "Solar Technologies": null, "CLUSTERLABEL": 1, "n": 1, "distance": 88.410412899775721, "feature_x": 724391.67153374688, "feature_y": 5033286.5014973134, "nearest_x": 724339.52991531463, "nearest_y": 5033215.1036490519 }, "geometry": { "type": "Polygon", "coordinates": [ [ [ 724391.705858785891905, 5033288.393717457540333 ], [ 724401.345411053160205, 5033302.119249816052616 ], [ 724400.037094828439876, 5033303.218286427669227 ], [ 724400.921873104642145, 5033304.328837559558451 ], [ 724388.307920061633922, 5033313.367096959613264 ], [ 724388.509153653634712, 5033313.874834763817489 ], [ 724394.404076536651701, 5033322.550159703940153 ], [ 724408.903830798808485, 5033312.255508821457624 ], [ 724405.193225115304813, 5033306.472359951585531 ], [ 724406.875215258914977, 5033305.219805885106325 ], [ 724407.214089686400257, 5033302.528886586427689 ], [ 724405.67232728516683, 5033300.071193983778358 ], [ 724419.407169671612792, 5033290.138590895570815 ], [ 724410.851582880830392, 5033277.430578351020813 ], [ 724407.524433856480755, 5033279.78127099853009 ], [ 724396.026314174290746, 5033287.624626916833222 ], [ 724393.806233052397147, 5033285.075993254780769 ], [ 724391.671533746877685, 5033286.501497313380241 ], [ 724392.442127164686099, 5033287.518984690308571 ], [ 724391.705858785891905, 5033288.393717457540333 ] ] ] } },
{ "type": "Feature", "properties": { "Height": 14.0, "Floors": 4, "End Use": "Residential", "Lower End Use": "Residential", "Upper End Use": "Residential", "Envelope": "Before 1930", "id": "0021500040", "Name": "Building 0021500040", "ExtWallCoeff": 1.0, "VolCoeff": 1.0, "Cooling System": "IdealLoad", "Heating System": "IdealLoad", "Section": "280600000215", "Section_Keys": [ "Total_Buildings", "Total_Res", "Pop_Res", "P[0000-1919]", "P[1920-1945]", "P[1946-1960]", "P[1961-1970]", "P[1971-1980]", "P[1981-1990]", "P[1991-2000]", "P[2001-2005]", "P[2006-3000]", "P[1F]", "P[2F]", "P[3F]", "P[4F+]", "P[Res]" ], "Section_Values": [ 78.0, 55.0, 930.0, 0.30909090909090908, 0.2, 0.2, 0.25454545454545452, 0.018181818181818181, 0.018181818181818181, 0.0, 0.0, 0.0, 0.036363636363636362, 0.27272727272727271, 0.30909090909090908, 0.38181818181818183, 0.70512820512820518 ], "Height Source": null, "Floor Height Source": "Default", "EndUse Source": "ISTAT", "Envelope Source": "ISTAT", "Cooling System Source": "Default", "Heating System Source": "Default", "Solar Technologies": null, "CLUSTERLABEL": 1, "n": 1, "distance": 78.315505628842232, "feature_x": 724397.95158000791, "feature_y": 5033267.2594494615, "nearest_x": 724339.52991531463, "nearest_y": 5033215.1036490519 }, "geometry": { "type": "Polygon", "coordinates": [ [ [ 724403.527148733148351, 5033262.931132890284061 ], [ 724400.497601186390966, 5033265.503795318305492 ], [ 724397.951580007909797, 5033267.259449461475015 ], [ 724404.082367150229402, 5033275.253539386205375 ], [ 724406.092785903019831, 5033273.578887276351452 ], [ 724406.691646865219809, 5033274.579124946147203 ], [ 724419.305408779066056, 5033265.329542279243469 ], [ 724413.010345631511882, 5033256.450818152166903 ], [ 724403.527148733148351, 5033262.931132890284061 ] ] ] } },
{ "type": "Feature", "properties": { "Height": 14.0, "Floors": 4, "End Use": "Residential", "Lower End Use": "Residential", "Upper End Use": "Residential", "Envelope": "Before 1930", "id": "0021500041", "Name": "Building 0021500041", "ExtWallCoeff": 1.0, "VolCoeff": 1.0, "Cooling System": "IdealLoad", "Heating System": "IdealLoad", "Section": "280600000215", "Section_Keys": [ "Total_Buildings", "Total_Res", "Pop_Res", "P[0000-1919]", "P[1920-1945]", "P[1946-1960]", "P[1961-1970]", "P[1971-1980]", "P[1981-1990]", "P[1991-2000]", "P[2001-2005]", "P[2006-3000]", "P[1F]", "P[2F]", "P[3F]", "P[4F+]", "P[Res]" ], "Section_Values": [ 78.0, 55.0, 930.0, 0.30909090909090908, 0.2, 0.2, 0.25454545454545452, 0.018181818181818181, 0.018181818181818181, 0.0, 0.0, 0.0, 0.036363636363636362, 0.27272727272727271, 0.30909090909090908, 0.38181818181818183, 0.70512820512820518 ], "Height Source": null, "Floor Height Source": "Default", "EndUse Source": "Default", "Envelope Source": "ISTAT", "Cooling System Source": "Default", "Heating System Source": "Default", "Solar Technologies": null, "CLUSTERLABEL": 1, "n": 1, "distance": 98.455074038474407, "feature_x": 724432.57786013209, "feature_y": 5033247.2825484918, "nearest_x": 724339.52991531463, "nearest_y": 5033215.1036490519 }, "geometry": { "type": "Polygon", "coordinates": [ [ [ 724471.674251752323471, 5033287.098518922924995 ], [ 724486.437835718272254, 5033280.172750599682331 ], [ 724480.052822642959654, 5033266.574371375143528 ], [ 724478.785801495076157, 5033267.174309019930661 ], [ 724469.32780277740676, 5033247.047989048063755 ], [ 724460.021578606916592, 5033251.421073618344963 ], [ 724454.088261231780052, 5033238.77322390396148 ], [ 724447.156428727088496, 5033242.029732348397374 ], [ 724446.515489340526983, 5033240.672036662697792 ], [ 724432.57786013209261, 5033247.282548491843045 ], [ 724439.65405055845622, 5033262.151370460167527 ], [ 724455.123215335072018, 5033254.772397748194635 ], [ 724464.269104789942503, 5033273.986550009809434 ], [ 724465.169476999551989, 5033273.562622648663819 ], [ 724471.674251752323471, 5033287.098518922924995 ] ] ] } },
{ "type": "Feature", "properties": { "Height": 11.7, "Floors": 3, "End Use": "Residential", "Lower End Use": "Residential", "Upper End Use": "Residential", "Envelope": "1970-1980", "id": "0021500042", "Name": "Building 0021500042", "ExtWallCoeff": 1.0, "VolCoeff": 1.0, "Cooling System": "IdealLoad", "Heating System": "IdealLoad", "Section": "280600000215", "Section_Keys": [ "Total_Buildings", "Total_Res", "Pop_Res", "P[0000-1919]", "P[1920-1945]", "P[1946-1960]", "P[1961-1970]", "P[1971-1980]", "P[1981-1990]", "P[1991-2000]", "P[2001-2005]", "P[2006-3000]", "P[1F]", "P[2F]", "P[3F]", "P[4F+]", "P[Res]" ], "Section_Values": [ 78.0, 55.0, 930.0, 0.30909090909090908, 0.2, 0.2, 0.25454545454545452, 0.018181818181818181, 0.018181818181818181, 0.0, 0.0, 0.0, 0.036363636363636362, 0.27272727272727271, 0.30909090909090908, 0.38181818181818183, 0.70512820512820518 ], "Height Source": null, "Floor Height Source": "Default", "EndUse Source": "ISTAT", "Envelope Source": "Default", "Cooling System Source": "Default", "Heating System Source": "Default", "Solar Technologies": null, "CLUSTERLABEL": 1, "n": 1, "distance": 67.763558847645982, "feature_x": 724396.14960699528, "feature_y": 5033252.3341529658, "nearest_x": 724339.52991531463, "nearest_y": 5033215.1036490519 }, "geometry": { "type": "Polygon", "coordinates": [ [ [ 724396.149606995284557, 5033252.334152965806425 ], [ 724403.527148733148351, 5033262.931132890284061 ], [ 724413.010345631511882, 5033256.450818152166903 ], [ 724416.533505898551084, 5033254.095998593606055 ], [ 724415.056891401181929, 5033252.007704934105277 ], [ 724408.759825192391872, 5033243.184532674960792 ], [ 724396.149606995284557, 5033252.334152965806425 ] ] ] } },
{ "type": "Feature", "properties": { "Height": 15.0, "Floors": 4, "End Use": "Residential", "Lower End Use": "Residential", "Upper End Use": "Residential", "Envelope": "1970-1980", "id": "0021500043", "Name": "Building 0021500043", "ExtWallCoeff": 1.0, "VolCoeff": 1.0, "Cooling System": "IdealLoad", "Heating System": "IdealLoad", "Section": "280600000215", "Section_Keys": [ "Total_Buildings", "Total_Res", "Pop_Res", "P[0000-1919]", "P[1920-1945]", "P[1946-1960]", "P[1961-1970]", "P[1971-1980]", "P[1981-1990]", "P[1991-2000]", "P[2001-2005]", "P[2006-3000]", "P[1F]", "P[2F]", "P[3F]", "P[4F+]", "P[Res]" ], "Section_Values": [ 78.0, 55.0, 930.0, 0.30909090909090908, 0.2, 0.2, 0.25454545454545452, 0.018181818181818181, 0.018181818181818181, 0.0, 0.0, 0.0, 0.036363636363636362, 0.27272727272727271, 0.30909090909090908, 0.38181818181818183, 0.70512820512820518 ], "Height Source": null, "Floor Height Source": "Default", "EndUse Source": "ISTAT", "Envelope Source": "Default", "Cooling System Source": "Default", "Heating System Source": "Default", "Solar Technologies": null, "CLUSTERLABEL": 1, "n": 1, "distance": 110.24841457007305, "feature_x": 724388.50915365363, "feature_y": 5033313.8748347638, "nearest_x": 724339.52991531463, "nearest_y": 5033215.1036490519 }, "geometry": { "type": "Polygon", "coordinates": [ [ [ 724397.234934304840863, 5033328.179552217945457 ], [ 724395.510950223775581, 5033325.559630648232996 ], [ 724396.366348419804126, 5033325.078471980988979 ], [ 724394.404076536651701, 5033322.550159703940153 ], [ 724388.509153653634712, 5033313.874834763817489 ], [ 724375.532957381336018, 5033322.966933104209602 ], [ 724383.052438406739384, 5033334.41434436943382 ], [ 724386.986062644980848, 5033331.751575676724315 ], [ 724388.456614639260806, 5033334.228970035910606 ], [ 724387.34202747954987, 5033335.168068659491837 ], [ 724395.204138523200527, 5033346.672216642647982 ], [ 724399.844502716092393, 5033343.522993021644652 ], [ 724401.618990744231269, 5033346.044606943614781 ], [ 724400.310390750062652, 5033346.932286245748401 ], [ 724407.870209310785867, 5033358.125331531278789 ], [ 724410.492456581676379, 5033356.428021102212369 ], [ 724415.303969453438185, 5033352.873346427455544 ], [ 724421.093503062613308, 5033348.474820027127862 ], [ 724413.731064556981437, 5033337.678124530240893 ], [ 724409.383742365520447, 5033340.737684197723866 ], [ 724407.710278595914133, 5033338.019449878484011 ], [ 724408.526952964952216, 5033337.525787564925849 ], [ 724400.87184249330312, 5033325.928897143341601 ], [ 724397.234934304840863, 5033328.179552217945457 ] ] ] } },
{ "type": "Feature", "properties": { "Height": 11.5, "Floors": 3, "End Use": "Residential", "Lower End Use": "Residential", "Upper End Use": "Residential", "Envelope": "1970-1980", "id": "0021500044", "Name": "Building 0021500044", "ExtWallCoeff": 1.0, "VolCoeff": 1.0, "Cooling System": "IdealLoad", "Heating System": "IdealLoad", "Section": "280600000215", "Section_Keys": [ "Total_Buildings", "Total_Res", "Pop_Res", "P[0000-1919]", "P[1920-1945]", "P[1946-1960]", "P[1961-1970]", "P[1971-1980]", "P[1981-1990]", "P[1991-2000]", "P[2001-2005]", "P[2006-3000]", "P[1F]", "P[2F]", "P[3F]", "P[4F+]", "P[Res]" ], "Section_Values": [ 78.0, 55.0, 930.0, 0.30909090909090908, 0.2, 0.2, 0.25454545454545452, 0.018181818181818181, 0.018181818181818181, 0.0, 0.0, 0.0, 0.036363636363636362, 0.27272727272727271, 0.30909090909090908, 0.38181818181818183, 0.70512820512820518 ], "Height Source": null, "Floor Height Source": "Default", "EndUse Source": "ISTAT", "Envelope Source": "Default", "Cooling System Source": "Default", "Heating System Source": "Default", "Solar Technologies": null, "CLUSTERLABEL": 1, "n": 1, "distance": 152.31588048997097, "feature_x": 724461.52537176025, "feature_y": 5033306.3025309313, "nearest_x": 724339.52991531463, "nearest_y": 5033215.1036490519 }, "geometry": { "type": "Polygon", "coordinates": [ [ [ 724474.664513282827102, 5033301.209755964577198 ], [ 724474.101613249978982, 5033300.29978256020695 ], [ 724461.525371760246344, 5033306.302530931308866 ], [ 724471.075449338066392, 5033327.577854568138719 ], [ 724482.23866331554018, 5033322.314457410015166 ], [ 724476.102688928134739, 5033308.32452183868736 ], [ 724477.30988590605557, 5033307.644584190100431 ], [ 724474.664513282827102, 5033301.209755964577198 ] ] ] } },
{ "type": "Feature", "properties": { "Height": 5.733, "Floors": 2, "End Use": "Residential", "Lower End Use": "Residential", "Upper End Use": "Residential", "Envelope": "1970-1980", "id": "0021500045", "Name": "Building 0021500045", "ExtWallCoeff": 1.0, "VolCoeff": 1.0, "Cooling System": "IdealLoad", "Heating System": "IdealLoad", "Section": "280600000215", "Section_Keys": [ "Total_Buildings", "Total_Res", "Pop_Res", "P[0000-1919]", "P[1920-1945]", "P[1946-1960]", "P[1961-1970]", "P[1971-1980]", "P[1981-1990]", "P[1991-2000]", "P[2001-2005]", "P[2006-3000]", "P[1F]", "P[2F]", "P[3F]", "P[4F+]", "P[Res]" ], "Section_Values": [ 78.0, 55.0, 930.0, 0.30909090909090908, 0.2, 0.2, 0.25454545454545452, 0.018181818181818181, 0.018181818181818181, 0.0, 0.0, 0.0, 0.036363636363636362, 0.27272727272727271, 0.30909090909090908, 0.38181818181818183, 0.70512820512820518 ], "Height Source": null, "Floor Height Source": "Default", "EndUse Source": "ISTAT", "Envelope Source": "Default", "Cooling System Source": "Default", "Heating System Source": "Default", "Solar Technologies": null, "CLUSTERLABEL": 1, "n": 1, "distance": 73.949771388435522, "feature_x": 724368.53282455925, "feature_y": 5033283.1286440445, "nearest_x": 724339.52991531463, "nearest_y": 5033215.1036490519 }, "geometry": { "type": "Polygon", "coordinates": [ [ [ 724372.553556185448542, 5033284.173098005354404 ], [ 724370.382413245737553, 5033285.741914207115769 ], [ 724368.53282455925364, 5033283.12864404451102 ], [ 724357.307517651701346, 5033290.792700549587607 ], [ 724366.491570177837275, 5033304.112601928412914 ], [ 724369.192168999230489, 5033302.195599097758532 ], [ 724377.010622799978592, 5033296.70145155582577 ], [ 724377.509979681577533, 5033296.318822044879198 ], [ 724377.118400874081999, 5033295.437217881903052 ], [ 724379.239823982934467, 5033293.944494626484811 ], [ 724381.008597316918895, 5033296.187809525988996 ], [ 724391.705858785891905, 5033288.393717457540333 ], [ 724392.442127164686099, 5033287.518984690308571 ], [ 724391.671533746877685, 5033286.501497313380241 ], [ 724393.806233052397147, 5033285.075993254780769 ], [ 724396.026314174290746, 5033287.624626916833222 ], [ 724407.524433856480755, 5033279.78127099853009 ], [ 724404.082367150229402, 5033275.253539386205375 ], [ 724397.951580007909797, 5033267.259449461475015 ], [ 724393.018004448153079, 5033270.720797310583293 ], [ 724387.13464209518861, 5033274.89353456441313 ], [ 724387.715686828596517, 5033275.514935494400561 ], [ 724385.062015368253924, 5033277.433605856262147 ], [ 724383.234212669776753, 5033275.08807251881808 ], [ 724380.245988217298873, 5033277.161660606972873 ], [ 724372.163164850207977, 5033283.258166139945388 ], [ 724372.553556185448542, 5033284.173098005354404 ] ] ] } },
{ "type": "Feature", "properties": { "Height": 6.85, "Floors": 2, "End Use": "Residential", "Lower End Use": "Residential", "Upper End Use": "Residential", "Envelope": "Before 1930", "id": "0021500046", "Name": "Building 0021500046", "ExtWallCoeff": 1.0, "VolCoeff": 1.0, "Cooling System": "IdealLoad", "Heating System": "IdealLoad", "Section": "280600000215", "Section_Keys": [ "Total_Buildings", "Total_Res", "Pop_Res", "P[0000-1919]", "P[1920-1945]", "P[1946-1960]", "P[1961-1970]", "P[1971-1980]", "P[1981-1990]", "P[1991-2000]", "P[2001-2005]", "P[2006-3000]", "P[1F]", "P[2F]", "P[3F]", "P[4F+]", "P[Res]" ], "Section_Values": [ 78.0, 55.0, 930.0, 0.30909090909090908, 0.2, 0.2, 0.25454545454545452, 0.018181818181818181, 0.018181818181818181, 0.0, 0.0, 0.0, 0.036363636363636362, 0.27272727272727271, 0.30909090909090908, 0.38181818181818183, 0.70512820512820518 ], "Height Source": null, "Floor Height Source": "Default", "EndUse Source": "ISTAT", "Envelope Source": "ISTAT", "Cooling System Source": "Default", "Heating System Source": "Default", "Solar Technologies": null, "CLUSTERLABEL": 1, "n": 1, "distance": 266.48509646409991, "feature_x": 724566.84949772886, "feature_y": 5033076.0349103343, "nearest_x": 724339.52991531463, "nearest_y": 5033215.1036490519 }, "geometry": { "type": "Polygon", "coordinates": [ [ [ 724566.849497728864662, 5033076.034910334274173 ], [ 724569.825404460076243, 5033080.234625728800893 ], [ 724574.09291158337146, 5033086.43820253200829 ], [ 724580.31590249016881, 5033081.977412777021527 ], [ 724574.560541790444404, 5033072.683982433751225 ], [ 724569.757966879988089, 5033075.760562805458903 ], [ 724568.77463814674411, 5033074.557481582276523 ], [ 724566.849497728864662, 5033076.034910334274173 ] ] ] } },
{ "type": "Feature", "properties": { "Height": 7.6, "Floors": 2, "End Use": "Residential", "Lower End Use": "Residential", "Upper End Use": "Residential", "Envelope": "1970-1980", "id": "0021500047", "Name": "Building 0021500047", "ExtWallCoeff": 1.0, "VolCoeff": 1.0, "Cooling System": "IdealLoad", "Heating System": "IdealLoad", "Section": "280600000215", "Section_Keys": [ "Total_Buildings", "Total_Res", "Pop_Res", "P[0000-1919]", "P[1920-1945]", "P[1946-1960]", "P[1961-1970]", "P[1971-1980]", "P[1981-1990]", "P[1991-2000]", "P[2001-2005]", "P[2006-3000]", "P[1F]", "P[2F]", "P[3F]", "P[4F+]", "P[Res]" ], "Section_Values": [ 78.0, 55.0, 930.0, 0.30909090909090908, 0.2, 0.2, 0.25454545454545452, 0.018181818181818181, 0.018181818181818181, 0.0, 0.0, 0.0, 0.036363636363636362, 0.27272727272727271, 0.30909090909090908, 0.38181818181818183, 0.70512820512820518 ], "Height Source": null, "Floor Height Source": "Default", "EndUse Source": "ISTAT", "Envelope Source": "Default", "Cooling System Source": "Default", "Heating System Source": "Default", "Solar Technologies": null, "CLUSTERLABEL": 1, "n": 1, "distance": 255.31420235440848, "feature_x": 724560.29750639643, "feature_y": 5033086.8577420926, "nearest_x": 724339.52991531463, "nearest_y": 5033215.1036490519 }, "geometry": { "type": "Polygon", "coordinates": [ [ [ 724560.297506396425888, 5033086.857742092572153 ], [ 724566.550272608641535, 5033095.824090722948313 ], [ 724575.828869513003156, 5033089.381181937642395 ], [ 724574.09291158337146, 5033086.43820253200829 ], [ 724569.825404460076243, 5033080.234625728800893 ], [ 724560.297506396425888, 5033086.857742092572153 ] ] ] } },
{ "type": "Feature", "properties": { "Height": 4.233, "Floors": 1, "End Use": "Residential", "Lower End Use": "Residential", "Upper End Use": "Residential", "Envelope": "Before 1930", "id": "0021500048", "Name": "Building 0021500048", "ExtWallCoeff": 1.0, "VolCoeff": 1.0, "Cooling System": "IdealLoad", "Heating System": "IdealLoad", "Section": "280600000215", "Section_Keys": [ "Total_Buildings", "Total_Res", "Pop_Res", "P[0000-1919]", "P[1920-1945]", "P[1946-1960]", "P[1961-1970]", "P[1971-1980]", "P[1981-1990]", "P[1991-2000]", "P[2001-2005]", "P[2006-3000]", "P[1F]", "P[2F]", "P[3F]", "P[4F+]", "P[Res]" ], "Section_Values": [ 78.0, 55.0, 930.0, 0.30909090909090908, 0.2, 0.2, 0.25454545454545452, 0.018181818181818181, 0.018181818181818181, 0.0, 0.0, 0.0, 0.036363636363636362, 0.27272727272727271, 0.30909090909090908, 0.38181818181818183, 0.70512820512820518 ], "Height Source": null, "Floor Height Source": "Default", "EndUse Source": "Default", "Envelope Source": "ISTAT", "Cooling System Source": "Default", "Heating System Source": "Default", "Solar Technologies": null, "CLUSTERLABEL": 2, "n": 1, "distance": 274.58252451689862, "feature_x": 724600.94524870778, "feature_y": 5033083.5644029006, "nearest_x": 724848.99031305464, "nearest_y": 5032965.7967977487 }, "geometry": { "type": "Polygon", "coordinates": [ [ [ 724598.351573222083971, 5033077.994084774516523 ], [ 724590.307757636765018, 5033081.01051852107048 ], [ 724588.795933007728308, 5033082.102253688499331 ], [ 724588.279971420532092, 5033081.193946888670325 ], [ 724584.578785967431031, 5033083.26423579826951 ], [ 724581.937845792155713, 5033085.261151790618896 ], [ 724583.614380173617974, 5033088.113023431040347 ], [ 724584.983716491260566, 5033090.353255523368716 ], [ 724587.003432064782828, 5033089.079432939179242 ], [ 724586.022312305402011, 5033087.375869012437761 ], [ 724589.755916838068515, 5033084.617080379277468 ], [ 724590.744463682407513, 5033086.332033664919436 ], [ 724593.156474969466217, 5033085.261321851052344 ], [ 724593.458050786983222, 5033085.372203093953431 ], [ 724595.880924963275902, 5033090.798017712309957 ], [ 724594.982391217723489, 5033091.388847216032445 ], [ 724598.003429918200709, 5033097.614670868963003 ], [ 724600.923045736271888, 5033096.150519299320877 ], [ 724602.298104064771906, 5033098.66904818918556 ], [ 724606.938419276382774, 5033096.187368081882596 ], [ 724600.045689915888943, 5033081.669729758985341 ], [ 724598.351573222083971, 5033077.994084774516523 ] ] ] } },
{ "type": "Feature", "properties": { "Height": 4.167, "Floors": 1, "End Use": "Residential", "Lower End Use": "Residential", "Upper End Use": "Residential", "Envelope": "1970-1980", "id": "0021500049", "Name": "Building 0021500049", "ExtWallCoeff": 1.0, "VolCoeff": 1.0, "Cooling System": "IdealLoad", "Heating System": "IdealLoad", "Section": "280600000215", "Section_Keys": [ "Total_Buildings", "Total_Res", "Pop_Res", "P[0000-1919]", "P[1920-1945]", "P[1946-1960]", "P[1961-1970]", "P[1971-1980]", "P[1981-1990]", "P[1991-2000]", "P[2001-2005]", "P[2006-3000]", "P[1F]", "P[2F]", "P[3F]", "P[4F+]", "P[Res]" ], "Section_Values": [ 78.0, 55.0, 930.0, 0.30909090909090908, 0.2, 0.2, 0.25454545454545452, 0.018181818181818181, 0.018181818181818181, 0.0, 0.0, 0.0, 0.036363636363636362, 0.27272727272727271, 0.30909090909090908, 0.38181818181818183, 0.70512820512820518 ], "Height Source": null, "Floor Height Source": "Default", "EndUse Source": "Default", "Envelope Source": "Default", "Cooling System Source": "Default", "Heating System Source": "Default", "Solar Technologies": null, "CLUSTERLABEL": 3, "n": 1, "distance": 28.196940214836051, "feature_x": 724743.34032102197, "feature_y": 5033387.0910264999, "nearest_x": 724770.36849972012, "nearest_y": 5033395.1250164015 }, "geometry": { "type": "Polygon", "coordinates": [ [ [ 724723.572585122892633, 5033374.893973879516125 ], [ 724723.323025273508392, 5033383.850633471272886 ], [ 724735.557296766201034, 5033387.202204973436892 ], [ 724743.34032102196943, 5033387.091026499867439 ], [ 724743.056762336404063, 5033377.269923435524106 ], [ 724742.378464465029538, 5033377.178941213525832 ], [ 724742.303117694915272, 5033373.14952424261719 ], [ 724742.325605997815728, 5033370.54741779807955 ], [ 724732.255198926432058, 5033370.654721095226705 ], [ 724728.750878545804881, 5033370.507244047708809 ], [ 724723.731694490998052, 5033372.852927291765809 ], [ 724723.572585122892633, 5033374.893973879516125 ] ] ] } },
{ "type": "Feature", "properties": { "Height": 7.8, "Floors": 2, "End Use": "Residential", "Lower End Use": "Residential", "Upper End Use": "Residential", "Envelope": "1970-1980", "id": "0021500050", "Name": "Building 0021500050", "ExtWallCoeff": 1.0, "VolCoeff": 1.0, "Cooling System": "IdealLoad", "Heating System": "IdealLoad", "Section": "280600000215", "Section_Keys": [ "Total_Buildings", "Total_Res", "Pop_Res", "P[0000-1919]", "P[1920-1945]", "P[1946-1960]", "P[1961-1970]", "P[1971-1980]", "P[1981-1990]", "P[1991-2000]", "P[2001-2005]", "P[2006-3000]", "P[1F]", "P[2F]", "P[3F]", "P[4F+]", "P[Res]" ], "Section_Values": [ 78.0, 55.0, 930.0, 0.30909090909090908, 0.2, 0.2, 0.25454545454545452, 0.018181818181818181, 0.018181818181818181, 0.0, 0.0, 0.0, 0.036363636363636362, 0.27272727272727271, 0.30909090909090908, 0.38181818181818183, 0.70512820512820518 ], "Height Source": null, "Floor Height Source": "Default", "EndUse Source": "ISTAT", "Envelope Source": "Default", "Cooling System Source": "Default", "Heating System Source": "Default", "Solar Technologies": null, "CLUSTERLABEL": 3, "n": 1, "distance": 11.20460517450061, "feature_x": 724763.14533758839, "feature_y": 5033386.5594396004, "nearest_x": 724770.36849972012, "nearest_y": 5033395.1250164015 }, "geometry": { "type": "Polygon", "coordinates": [ [ [ 724751.838928266544826, 5033370.464714918285608 ], [ 724751.75639022118412, 5033373.431752578355372 ], [ 724751.48164026462473, 5033377.393040128052235 ], [ 724743.056762336404063, 5033377.269923435524106 ], [ 724743.34032102196943, 5033387.091026499867439 ], [ 724755.766770268091932, 5033387.257047744467854 ], [ 724760.055339409271255, 5033387.599423347972333 ], [ 724762.469304684665985, 5033387.129523248411715 ], [ 724763.987844933057204, 5033385.848971725441515 ], [ 724764.703023864072748, 5033384.250494846142828 ], [ 724764.732479149708524, 5033382.549644382670522 ], [ 724762.39412455749698, 5033377.616200742311776 ], [ 724758.111958747263998, 5033370.299587312154472 ], [ 724751.838928266544826, 5033370.464714918285608 ] ] ] } },
{ "type": "Feature", "properties": { "Height": 11.8, "Floors": 3, "End Use": "Residential", "Lower End Use": "Residential", "Upper End Use": "Residential", "Envelope": "Before 1930", "id": "0021500051", "Name": "Building 0021500051", "ExtWallCoeff": 1.0, "VolCoeff": 1.0, "Cooling System": "IdealLoad", "Heating System": "IdealLoad", "Section": "280600000215", "Section_Keys": [ "Total_Buildings", "Total_Res", "Pop_Res", "P[0000-1919]", "P[1920-1945]", "P[1946-1960]", "P[1961-1970]", "P[1971-1980]", "P[1981-1990]", "P[1991-2000]", "P[2001-2005]", "P[2006-3000]", "P[1F]", "P[2F]", "P[3F]", "P[4F+]", "P[Res]" ], "Section_Values": [ 78.0, 55.0, 930.0, 0.30909090909090908, 0.2, 0.2, 0.25454545454545452, 0.018181818181818181, 0.018181818181818181, 0.0, 0.0, 0.0, 0.036363636363636362, 0.27272727272727271, 0.30909090909090908, 0.38181818181818183, 0.70512820512820518 ], "Height Source": null, "Floor Height Source": "Default", "EndUse Source": "ISTAT", "Envelope Source": "ISTAT", "Cooling System Source": "Default", "Heating System Source": "Default", "Solar Technologies": null, "CLUSTERLABEL": 3, "n": 1, "distance": 179.70245242893867, "feature_x": 724617.64700670727, "feature_y": 5033300.4195942711, "nearest_x": 724770.36849972012, "nearest_y": 5033395.1250164015 }, "geometry": { "type": "Polygon", "coordinates": [ [ [ 724617.647006707265973, 5033300.419594271108508 ], [ 724611.280010357731953, 5033290.492468644864857 ], [ 724589.821109612821601, 5033303.040940291248262 ], [ 724596.132450851611793, 5033313.210772985592484 ], [ 724617.647006707265973, 5033300.419594271108508 ] ] ] } },
{ "type": "Feature", "properties": { "Height": 20.6, "Floors": 6, "End Use": "Residential", "Lower End Use": "Residential", "Upper End Use": "Residential", "Envelope": "Before 1930", "id": "0021500052", "Name": "Building 0021500052", "ExtWallCoeff": 1.0, "VolCoeff": 1.0, "Cooling System": "IdealLoad", "Heating System": "IdealLoad", "Section": "280600000215", "Section_Keys": [ "Total_Buildings", "Total_Res", "Pop_Res", "P[0000-1919]", "P[1920-1945]", "P[1946-1960]", "P[1961-1970]", "P[1971-1980]", "P[1981-1990]", "P[1991-2000]", "P[2001-2005]", "P[2006-3000]", "P[1F]", "P[2F]", "P[3F]", "P[4F+]", "P[Res]" ], "Section_Values": [ 78.0, 55.0, 930.0, 0.30909090909090908, 0.2, 0.2, 0.25454545454545452, 0.018181818181818181, 0.018181818181818181, 0.0, 0.0, 0.0, 0.036363636363636362, 0.27272727272727271, 0.30909090909090908, 0.38181818181818183, 0.70512820512820518 ], "Height Source": null, "Floor Height Source": "Default", "EndUse Source": "Default", "Envelope Source": "ISTAT", "Cooling System Source": "Default", "Heating System Source": "Default", "Solar Technologies": null, "CLUSTERLABEL": 3, "n": 1, "distance": 146.89214356333116, "feature_x": 724638.51171855943, "feature_y": 5033330.3863795409, "nearest_x": 724770.36849972012, "nearest_y": 5033395.1250164015 }, "geometry": { "type": "Polygon", "coordinates": [ [ [ 724603.58755066501908, 5033337.637333716265857 ], [ 724609.393956945859827, 5033347.466568015515804 ], [ 724638.511718559428118, 5033330.386379540897906 ], [ 724635.534854149795137, 5033325.341195433400571 ], [ 724632.766253317007795, 5033326.966448460705578 ], [ 724629.936735205352306, 5033322.182371895760298 ], [ 724603.58755066501908, 5033337.637333716265857 ] ] ] } },
{ "type": "Feature", "properties": { "Height": 17.95, "Floors": 5, "End Use": "Residential", "Lower End Use": "Residential", "Upper End Use": "Residential", "Envelope": "1970-1980", "id": "0021500053", "Name": "Building 0021500053", "ExtWallCoeff": 1.0, "VolCoeff": 1.0, "Cooling System": "IdealLoad", "Heating System": "IdealLoad", "Section": "280600000215", "Section_Keys": [ "Total_Buildings", "Total_Res", "Pop_Res", "P[0000-1919]", "P[1920-1945]", "P[1946-1960]", "P[1961-1970]", "P[1971-1980]", "P[1981-1990]", "P[1991-2000]", "P[2001-2005]", "P[2006-3000]", "P[1F]", "P[2F]", "P[3F]", "P[4F+]", "P[Res]" ], "Section_Values": [ 78.0, 55.0, 930.0, 0.30909090909090908, 0.2, 0.2, 0.25454545454545452, 0.018181818181818181, 0.018181818181818181, 0.0, 0.0, 0.0, 0.036363636363636362, 0.27272727272727271, 0.30909090909090908, 0.38181818181818183, 0.70512820512820518 ], "Height Source": null, "Floor Height Source": "Default", "EndUse Source": "ISTAT", "Envelope Source": "Default", "Cooling System Source": "Default", "Heating System Source": "Default", "Solar Technologies": null, "CLUSTERLABEL": 3, "n": 1, "distance": 136.35317263928377, "feature_x": 724666.45032594609, "feature_y": 5033306.8459087471, "nearest_x": 724770.36849972012, "nearest_y": 5033395.1250164015 }, "geometry": { "type": "Polygon", "coordinates": [ [ [ 724627.273275509825908, 5033317.79355198610574 ], [ 724629.936735205352306, 5033322.182371895760298 ], [ 724632.766253317007795, 5033326.966448460705578 ], [ 724635.534854149795137, 5033325.341195433400571 ], [ 724666.450325946090743, 5033306.845908747054636 ], [ 724660.926078384625725, 5033297.671864023432136 ], [ 724627.273275509825908, 5033317.79355198610574 ] ] ] } },
{ "type": "Feature", "properties": { "Height": 10.2, "Floors": 3, "End Use": "Residential", "Lower End Use": "Residential", "Upper End Use": "Residential", "Envelope": "Before 1930", "id": "0021500054", "Name": "Building 0021500054", "ExtWallCoeff": 1.0, "VolCoeff": 1.0, "Cooling System": "IdealLoad", "Heating System": "IdealLoad", "Section": "280600000215", "Section_Keys": [ "Total_Buildings", "Total_Res", "Pop_Res", "P[0000-1919]", "P[1920-1945]", "P[1946-1960]", "P[1961-1970]", "P[1971-1980]", "P[1981-1990]", "P[1991-2000]", "P[2001-2005]", "P[2006-3000]", "P[1F]", "P[2F]", "P[3F]", "P[4F+]", "P[Res]" ], "Section_Values": [ 78.0, 55.0, 930.0, 0.30909090909090908, 0.2, 0.2, 0.25454545454545452, 0.018181818181818181, 0.018181818181818181, 0.0, 0.0, 0.0, 0.036363636363636362, 0.27272727272727271, 0.30909090909090908, 0.38181818181818183, 0.70512820512820518 ], "Height Source": null, "Floor Height Source": "Default", "EndUse Source": "Default", "Envelope Source": "ISTAT", "Cooling System Source": "Default", "Heating System Source": "Default", "Solar Technologies": null, "CLUSTERLABEL": 1, "n": 1, "distance": 184.74806261491383, "feature_x": 724493.6057167016, "feature_y": 5033317.0472318167, "nearest_x": 724339.52991531463, "nearest_y": 5033215.1036490519 }, "geometry": { "type": "Polygon", "coordinates": [ [ [ 724503.254363590967841, 5033312.297102470882237 ], [ 724502.010820559924468, 5033312.897873163223267 ], [ 724493.605716701596975, 5033317.04723181668669 ], [ 724503.63296719675418, 5033339.874693380668759 ], [ 724512.019913904485293, 5033336.013912820257246 ], [ 724513.341693211114034, 5033335.415937436744571 ], [ 724510.228844505618326, 5033328.252496102824807 ], [ 724503.254363590967841, 5033312.297102470882237 ] ] ] } },
{ "type": "Feature", "properties": { "Height": 7.2, "Floors": 2, "End Use": "Residential", "Lower End Use": "Residential", "Upper End Use": "Residential", "Envelope": "Before 1930", "id": "0021500055", "Name": "Building 0021500055", "ExtWallCoeff": 1.0, "VolCoeff": 1.0, "Cooling System": "IdealLoad", "Heating System": "IdealLoad", "Section": "280600000215", "Section_Keys": [ "Total_Buildings", "Total_Res", "Pop_Res", "P[0000-1919]", "P[1920-1945]", "P[1946-1960]", "P[1961-1970]", "P[1971-1980]", "P[1981-1990]", "P[1991-2000]", "P[2001-2005]", "P[2006-3000]", "P[1F]", "P[2F]", "P[3F]", "P[4F+]", "P[Res]" ], "Section_Values": [ 78.0, 55.0, 930.0, 0.30909090909090908, 0.2, 0.2, 0.25454545454545452, 0.018181818181818181, 0.018181818181818181, 0.0, 0.0, 0.0, 0.036363636363636362, 0.27272727272727271, 0.30909090909090908, 0.38181818181818183, 0.70512820512820518 ], "Height Source": null, "Floor Height Source": "Default", "EndUse Source": "ISTAT", "Envelope Source": "ISTAT", "Cooling System Source": "Default", "Heating System Source": "Default", "Solar Technologies": null, "CLUSTERLABEL": 1, "n": 1, "distance": 150.28080305397714, "feature_x": 724463.75820682989, "feature_y": 5033130.5362123298, "nearest_x": 724339.52991531463, "nearest_y": 5033215.1036490519 }, "geometry": { "type": "Polygon", "coordinates": [ [ [ 724459.06681337277405, 5033123.644625962711871 ], [ 724467.63473499706015, 5033136.230773852206767 ], [ 724474.661923220031895, 5033146.548364516347647 ], [ 724477.082535899593495, 5033144.576913925819099 ], [ 724470.598943740595132, 5033135.491184901446104 ], [ 724473.210908383363858, 5033133.426450804807246 ], [ 724472.635910860844888, 5033132.415935531258583 ], [ 724474.634417314315215, 5033130.418294320814312 ], [ 724466.308045883313753, 5033118.307945152744651 ], [ 724459.06681337277405, 5033123.644625962711871 ] ] ] } },
{ "type": "Feature", "properties": { "Height": 5.6, "Floors": 2, "End Use": "Residential", "Lower End Use": "Residential", "Upper End Use": "Residential", "Envelope": "1970-1980", "id": "0021500056", "Name": "Building 0021500056", "ExtWallCoeff": 1.0, "VolCoeff": 1.0, "Cooling System": "IdealLoad", "Heating System": "IdealLoad", "Section": "280600000215", "Section_Keys": [ "Total_Buildings", "Total_Res", "Pop_Res", "P[0000-1919]", "P[1920-1945]", "P[1946-1960]", "P[1961-1970]", "P[1971-1980]", "P[1981-1990]", "P[1991-2000]", "P[2001-2005]", "P[2006-3000]", "P[1F]", "P[2F]", "P[3F]", "P[4F+]", "P[Res]" ], "Section_Values": [ 78.0, 55.0, 930.0, 0.30909090909090908, 0.2, 0.2, 0.25454545454545452, 0.018181818181818181, 0.018181818181818181, 0.0, 0.0, 0.0, 0.036363636363636362, 0.27272727272727271, 0.30909090909090908, 0.38181818181818183, 0.70512820512820518 ], "Height Source": null, "Floor Height Source": "Default", "EndUse Source": "ISTAT", "Envelope Source": "Default", "Cooling System Source": "Default", "Heating System Source": "Default", "Solar Technologies": null, "CLUSTERLABEL": 1, "n": 1, "distance": 131.69821187140542, "feature_x": 724468.16923284612, "feature_y": 5033186.8840637403, "nearest_x": 724339.52991531463, "nearest_y": 5033215.1036490519 }, "geometry": { "type": "Polygon", "coordinates": [ [ [ 724458.031910955440253, 5033144.519883770495653 ], [ 724454.94891899661161, 5033146.612306767143309 ], [ 724464.382967182202265, 5033160.831149528734386 ], [ 724465.098350303713232, 5033160.322754072025418 ], [ 724466.370646431110799, 5033162.64848346170038 ], [ 724465.659915529191494, 5033163.246032879687846 ], [ 724475.279205749509856, 5033177.760718699544668 ], [ 724478.561535162269138, 5033179.301685642451048 ], [ 724468.169232846121304, 5033186.884063740260899 ], [ 724470.67432065284811, 5033190.666481457650661 ], [ 724483.059640333172865, 5033181.898290244862437 ], [ 724479.487755559850484, 5033176.398139113560319 ], [ 724480.902659821556881, 5033175.82572599966079 ], [ 724476.54700975981541, 5033169.018397652544081 ], [ 724475.034645900013857, 5033169.687444775365293 ], [ 724458.031910955440253, 5033144.519883770495653 ] ] ] } },
{ "type": "Feature", "properties": { "Height": 6.757, "Floors": 2, "End Use": "Residential", "Lower End Use": "Residential", "Upper End Use": "Residential", "Envelope": "Before 1930", "id": "0021500057", "Name": "Building 0021500057", "ExtWallCoeff": 1.0, "VolCoeff": 1.0, "Cooling System": "IdealLoad", "Heating System": "IdealLoad", "Section": "280600000215", "Section_Keys": [ "Total_Buildings", "Total_Res", "Pop_Res", "P[0000-1919]", "P[1920-1945]", "P[1946-1960]", "P[1961-1970]", "P[1971-1980]", "P[1981-1990]", "P[1991-2000]", "P[2001-2005]", "P[2006-3000]", "P[1F]", "P[2F]", "P[3F]", "P[4F+]", "P[Res]" ], "Section_Values": [ 78.0, 55.0, 930.0, 0.30909090909090908, 0.2, 0.2, 0.25454545454545452, 0.018181818181818181, 0.018181818181818181, 0.0, 0.0, 0.0, 0.036363636363636362, 0.27272727272727271, 0.30909090909090908, 0.38181818181818183, 0.70512820512820518 ], "Height Source": null, "Floor Height Source": "Default", "EndUse Source": "Default", "Envelope Source": "ISTAT", "Cooling System Source": "Default", "Heating System Source": "Default", "Solar Technologies": null, "CLUSTERLABEL": 1, "n": 1, "distance": 137.65278945145232, "feature_x": 724452.93621377926, "feature_y": 5033137.0824858183, "nearest_x": 724339.52991531463, "nearest_y": 5033215.1036490519 }, "geometry": { "type": "Polygon", "coordinates": [ [ [ 724455.065076169557869, 5033126.89447480533272 ], [ 724452.565138708800077, 5033128.674003132618964 ], [ 724448.976424277294427, 5033131.326802982017398 ], [ 724457.79462128598243, 5033144.144339153543115 ], [ 724458.031910955440253, 5033144.519883770495653 ], [ 724475.034645900013857, 5033169.687444775365293 ], [ 724476.54700975981541, 5033169.018397652544081 ], [ 724480.902659821556881, 5033175.82572599966079 ], [ 724479.487755559850484, 5033176.398139113560319 ], [ 724483.059640333172865, 5033181.898290244862437 ], [ 724487.985906904679723, 5033178.425620657391846 ], [ 724490.754740973934531, 5033176.355370463803411 ], [ 724489.729443344520405, 5033174.57238055113703 ], [ 724483.732191485003568, 5033165.470623609609902 ], [ 724485.055801293347031, 5033164.383271032012999 ], [ 724482.883763198275119, 5033161.146664372645319 ], [ 724481.371686726110056, 5033162.027067105285823 ], [ 724480.296266512712464, 5033160.331278136000037 ], [ 724477.867544015869498, 5033162.09109104052186 ], [ 724474.435181075008586, 5033156.851764811202884 ], [ 724473.028387861442752, 5033157.63581579644233 ], [ 724463.692895107087679, 5033143.509464766830206 ], [ 724461.579333232715726, 5033144.779974551871419 ], [ 724459.116009786026552, 5033141.14365862403065 ], [ 724460.804792680195533, 5033139.702258301898837 ], [ 724463.118428166722879, 5033138.09406020026654 ], [ 724463.935289374552667, 5033138.912983738817275 ], [ 724464.352853009826504, 5033138.627552269026637 ], [ 724467.63473499706015, 5033136.230773852206767 ], [ 724459.06681337277405, 5033123.644625962711871 ], [ 724455.065076169557869, 5033126.89447480533272 ] ] ] } },
{ "type": "Feature", "properties": { "Height": 8.167, "Floors": 2, "End Use": "Residential", "Lower End Use": "Residential", "Upper End Use": "Residential", "Envelope": "1970-1980", "id": "0021500058", "Name": "Building 0021500058", "ExtWallCoeff": 1.0, "VolCoeff": 1.0, "Cooling System": "IdealLoad", "Heating System": "IdealLoad", "Section": "280600000215", "Section_Keys": [ "Total_Buildings", "Total_Res", "Pop_Res", "P[0000-1919]", "P[1920-1945]", "P[1946-1960]", "P[1961-1970]", "P[1971-1980]", "P[1981-1990]", "P[1991-2000]", "P[2001-2005]", "P[2006-3000]", "P[1F]", "P[2F]", "P[3F]", "P[4F+]", "P[Res]" ], "Section_Values": [ 78.0, 55.0, 930.0, 0.30909090909090908, 0.2, 0.2, 0.25454545454545452, 0.018181818181818181, 0.018181818181818181, 0.0, 0.0, 0.0, 0.036363636363636362, 0.27272727272727271, 0.30909090909090908, 0.38181818181818183, 0.70512820512820518 ], "Height Source": null, "Floor Height Source": "Default", "EndUse Source": "ISTAT", "Envelope Source": "Default", "Cooling System Source": "Default", "Heating System Source": "Default", "Solar Technologies": null, "CLUSTERLABEL": 1, "n": 1, "distance": 172.67265859542661, "feature_x": 724478.67693013896, "feature_y": 5033112.8590634158, "nearest_x": 724339.52991531463, "nearest_y": 5033215.1036490519 }, "geometry": { "type": "Polygon", "coordinates": [ [ [ 724482.118849302409217, 5033105.75765177141875 ], [ 724476.599846605677158, 5033110.03231252823025 ], [ 724484.75847067637369, 5033121.135572201572359 ], [ 724485.784265792928636, 5033120.271182723343372 ], [ 724493.846772366436198, 5033131.871583605185151 ], [ 724503.575198323465884, 5033146.40133205242455 ], [ 724507.668429023586214, 5033144.100277735851705 ], [ 724488.868027668097056, 5033116.621509283781052 ], [ 724482.118849302409217, 5033105.75765177141875 ] ] ] } },
{ "type": "Feature", "properties": { "Height": 10.0, "Floors": 3, "End Use": "Residential", "Lower End Use": "Residential", "Upper End Use": "Residential", "Envelope": "Before 1930", "id": "0021500059", "Name": "Building 0021500059", "ExtWallCoeff": 1.0, "VolCoeff": 1.0, "Cooling System": "IdealLoad", "Heating System": "IdealLoad", "Section": "280600000215", "Section_Keys": [ "Total_Buildings", "Total_Res", "Pop_Res", "P[0000-1919]", "P[1920-1945]", "P[1946-1960]", "P[1961-1970]", "P[1971-1980]", "P[1981-1990]", "P[1991-2000]", "P[2001-2005]", "P[2006-3000]", "P[1F]", "P[2F]", "P[3F]", "P[4F+]", "P[Res]" ], "Section_Values": [ 78.0, 55.0, 930.0, 0.30909090909090908, 0.2, 0.2, 0.25454545454545452, 0.018181818181818181, 0.018181818181818181, 0.0, 0.0, 0.0, 0.036363636363636362, 0.27272727272727271, 0.30909090909090908, 0.38181818181818183, 0.70512820512820518 ], "Height Source": null, "Floor Height Source": "Default", "EndUse Source": "ISTAT", "Envelope Source": "ISTAT", "Cooling System Source": "Default", "Heating System Source": "Default", "Solar Technologies": null, "CLUSTERLABEL": 1, "n": 1, "distance": 191.94508097981134, "feature_x": 724495.59124284377, "feature_y": 5033103.3549302127, "nearest_x": 724339.52991531463, "nearest_y": 5033215.1036490519 }, "geometry": { "type": "Polygon", "coordinates": [ [ [ 724498.438398989266716, 5033093.003083811141551 ], [ 724493.576824176358059, 5033096.856258284300566 ], [ 724491.920219534425996, 5033098.054082412272692 ], [ 724492.936624164110981, 5033099.64765446446836 ], [ 724500.906265150639229, 5033110.777560607530177 ], [ 724502.686470006825402, 5033109.628645096905529 ], [ 724504.033063003327698, 5033108.775709751062095 ], [ 724505.506729972432368, 5033110.507965735159814 ], [ 724508.689199690241367, 5033108.263387121260166 ], [ 724498.438398989266716, 5033093.003083811141551 ] ] ] } },
{ "type": "Feature", "properties": { "Height": 8.75, "Floors": 3, "End Use": "Residential", "Lower End Use": "Residential", "Upper End Use": "Residential", "Envelope": "Before 1930", "id": "0021500060", "Name": "Building 0021500060", "ExtWallCoeff": 1.0, "VolCoeff": 1.0, "Cooling System": "IdealLoad", "Heating System": "IdealLoad", "Section": "280600000215", "Section_Keys": [ "Total_Buildings", "Total_Res", "Pop_Res", "P[0000-1919]", "P[1920-1945]", "P[1946-1960]", "P[1961-1970]", "P[1971-1980]", "P[1981-1990]", "P[1991-2000]", "P[2001-2005]", "P[2006-3000]", "P[1F]", "P[2F]", "P[3F]", "P[4F+]", "P[Res]" ], "Section_Values": [ 78.0, 55.0, 930.0, 0.30909090909090908, 0.2, 0.2, 0.25454545454545452, 0.018181818181818181, 0.018181818181818181, 0.0, 0.0, 0.0, 0.036363636363636362, 0.27272727272727271, 0.30909090909090908, 0.38181818181818183, 0.70512820512820518 ], "Height Source": null, "Floor Height Source": "Default", "EndUse Source": "ISTAT", "Envelope Source": "ISTAT", "Cooling System Source": "Default", "Heating System Source": "Default", "Solar Technologies": null, "CLUSTERLABEL": 1, "n": 1, "distance": 178.88712545791319, "feature_x": 724488.8680276681, "feature_y": 5033116.6215092838, "nearest_x": 724339.52991531463, "nearest_y": 5033215.1036490519 }, "geometry": { "type": "Polygon", "coordinates": [ [ [ 724491.920219534425996, 5033098.054082412272692 ], [ 724482.118849302409217, 5033105.75765177141875 ], [ 724488.868027668097056, 5033116.621509283781052 ], [ 724489.191703250166029, 5033116.332727989181876 ], [ 724492.257700370159, 5033113.839266985654831 ], [ 724495.314544944558293, 5033118.186440062709153 ], [ 724496.724918575258926, 5033117.302409498952329 ], [ 724497.413708291715011, 5033118.417100639082491 ], [ 724500.843084280262701, 5033116.058973453007638 ], [ 724498.580316390027292, 5033112.730135472491384 ], [ 724500.906265150639229, 5033110.777560607530177 ], [ 724492.936624164110981, 5033099.64765446446836 ], [ 724491.920219534425996, 5033098.054082412272692 ] ] ] } },
{ "type": "Feature", "properties": { "Height": 4.2, "Floors": 1, "End Use": "Residential", "Lower End Use": "Residential", "Upper End Use": "Residential", "Envelope": "1970-1980", "id": "0021500061", "Name": "Building 0021500061", "ExtWallCoeff": 1.0, "VolCoeff": 1.0, "Cooling System": "IdealLoad", "Heating System": "IdealLoad", "Section": "280600000215", "Section_Keys": [ "Total_Buildings", "Total_Res", "Pop_Res", "P[0000-1919]", "P[1920-1945]", "P[1946-1960]", "P[1961-1970]", "P[1971-1980]", "P[1981-1990]", "P[1991-2000]", "P[2001-2005]", "P[2006-3000]", "P[1F]", "P[2F]", "P[3F]", "P[4F+]", "P[Res]" ], "Section_Values": [ 78.0, 55.0, 930.0, 0.30909090909090908, 0.2, 0.2, 0.25454545454545452, 0.018181818181818181, 0.018181818181818181, 0.0, 0.0, 0.0, 0.036363636363636362, 0.27272727272727271, 0.30909090909090908, 0.38181818181818183, 0.70512820512820518 ], "Height Source": null, "Floor Height Source": "Default", "EndUse Source": "ISTAT", "Envelope Source": "Default", "Cooling System Source": "Default", "Heating System Source": "Default", "Solar Technologies": null, "CLUSTERLABEL": 1, "n": 1, "distance": 146.38770151209886, "feature_x": 724464.35285300983, "feature_y": 5033138.627552269, "nearest_x": 724339.52991531463, "nearest_y": 5033215.1036490519 }, "geometry": { "type": "Polygon", "coordinates": [ [ [ 724467.63473499706015, 5033136.230773852206767 ], [ 724464.352853009826504, 5033138.627552269026637 ], [ 724471.44284904608503, 5033148.502440523356199 ], [ 724476.849735760013573, 5033155.269420994445682 ], [ 724479.365029299282469, 5033153.27910387236625 ], [ 724474.661923220031895, 5033146.548364516347647 ], [ 724467.63473499706015, 5033136.230773852206767 ] ] ] } },
{ "type": "Feature", "properties": { "Height": 9.7, "Floors": 3, "End Use": "Residential", "Lower End Use": "Residential", "Upper End Use": "Residential", "Envelope": "Before 1930", "id": "0021500062", "Name": "Building 0021500062", "ExtWallCoeff": 1.0, "VolCoeff": 1.0, "Cooling System": "IdealLoad", "Heating System": "IdealLoad", "Section": "280600000215", "Section_Keys": [ "Total_Buildings", "Total_Res", "Pop_Res", "P[0000-1919]", "P[1920-1945]", "P[1946-1960]", "P[1961-1970]", "P[1971-1980]", "P[1981-1990]", "P[1991-2000]", "P[2001-2005]", "P[2006-3000]", "P[1F]", "P[2F]", "P[3F]", "P[4F+]", "P[Res]" ], "Section_Values": [ 78.0, 55.0, 930.0, 0.30909090909090908, 0.2, 0.2, 0.25454545454545452, 0.018181818181818181, 0.018181818181818181, 0.0, 0.0, 0.0, 0.036363636363636362, 0.27272727272727271, 0.30909090909090908, 0.38181818181818183, 0.70512820512820518 ], "Height Source": null, "Floor Height Source": "Default", "EndUse Source": "Default", "Envelope Source": "ISTAT", "Cooling System Source": "Default", "Heating System Source": "Default", "Solar Technologies": null, "CLUSTERLABEL": 1, "n": 1, "distance": 159.30827623252719, "feature_x": 724470.80405122135, "feature_y": 5033124.8471915647, "nearest_x": 724339.52991531463, "nearest_y": 5033215.1036490519 }, "geometry": { "type": "Polygon", "coordinates": [ [ [ 724472.619581802515313, 5033113.338535339571536 ], [ 724467.006199167924933, 5033117.843428686261177 ], [ 724466.308045883313753, 5033118.307945152744651 ], [ 724474.634417314315215, 5033130.418294320814312 ], [ 724475.055840991088189, 5033130.244236359372735 ], [ 724476.435116559499875, 5033132.206710041500628 ], [ 724477.675624690949917, 5033131.472341754473746 ], [ 724475.868715929565951, 5033128.760452774353325 ], [ 724480.925861741416156, 5033124.91424750443548 ], [ 724472.619581802515313, 5033113.338535339571536 ] ] ] } },
{ "type": "Feature", "properties": { "Height": 4.1, "Floors": 1, "End Use": "Residential", "Lower End Use": "Residential", "Upper End Use": "Residential", "Envelope": "Before 1930", "id": "0021500063", "Name": "Building 0021500063", "ExtWallCoeff": 1.0, "VolCoeff": 1.0, "Cooling System": "IdealLoad", "Heating System": "IdealLoad", "Section": "280600000215", "Section_Keys": [ "Total_Buildings", "Total_Res", "Pop_Res", "P[0000-1919]", "P[1920-1945]", "P[1946-1960]", "P[1961-1970]", "P[1971-1980]", "P[1981-1990]", "P[1991-2000]", "P[2001-2005]", "P[2006-3000]", "P[1F]", "P[2F]", "P[3F]", "P[4F+]", "P[Res]" ], "Section_Values": [ 78.0, 55.0, 930.0, 0.30909090909090908, 0.2, 0.2, 0.25454545454545452, 0.018181818181818181, 0.018181818181818181, 0.0, 0.0, 0.0, 0.036363636363636362, 0.27272727272727271, 0.30909090909090908, 0.38181818181818183, 0.70512820512820518 ], "Height Source": null, "Floor Height Source": "Default", "EndUse Source": "ISTAT", "Envelope Source": "ISTAT", "Cooling System Source": "Default", "Heating System Source": "Default", "Solar Technologies": null, "CLUSTERLABEL": 1, "n": 1, "distance": 211.36360939972602, "feature_x": 724533.49110829423, "feature_y": 5033131.1177514475, "nearest_x": 724339.52991531463, "nearest_y": 5033215.1036490519 }, "geometry": { "type": "Polygon", "coordinates": [ [ [ 724542.441253317403607, 5033125.753177513368428 ], [ 724533.491108294227161, 5033131.117751447483897 ], [ 724539.652888269512914, 5033141.31553665176034 ], [ 724541.237336890539154, 5033143.674674537964165 ], [ 724542.323747377144173, 5033142.868075680918992 ], [ 724543.911297251470387, 5033144.482049364596605 ], [ 724557.574417394585907, 5033138.329146913252771 ], [ 724554.308830276830122, 5033132.150229484774172 ], [ 724554.711434704368003, 5033132.064492902718484 ], [ 724549.802654791739769, 5033123.635574893094599 ], [ 724548.560159378685057, 5033122.011672899127007 ], [ 724542.441253317403607, 5033125.753177513368428 ] ] ] } },
{ "type": "Feature", "properties": { "Height": 15.0, "Floors": 4, "End Use": "Residential", "Lower End Use": "Residential", "Upper End Use": "Residential", "Envelope": "1970-1980", "id": "0021500064", "Name": "Building 0021500064", "ExtWallCoeff": 1.0, "VolCoeff": 1.0, "Cooling System": "IdealLoad", "Heating System": "IdealLoad", "Section": "280600000215", "Section_Keys": [ "Total_Buildings", "Total_Res", "Pop_Res", "P[0000-1919]", "P[1920-1945]", "P[1946-1960]", "P[1961-1970]", "P[1971-1980]", "P[1981-1990]", "P[1991-2000]", "P[2001-2005]", "P[2006-3000]", "P[1F]", "P[2F]", "P[3F]", "P[4F+]", "P[Res]" ], "Section_Values": [ 78.0, 55.0, 930.0, 0.30909090909090908, 0.2, 0.2, 0.25454545454545452, 0.018181818181818181, 0.018181818181818181, 0.0, 0.0, 0.0, 0.036363636363636362, 0.27272727272727271, 0.30909090909090908, 0.38181818181818183, 0.70512820512820518 ], "Height Source": null, "Floor Height Source": "Default", "EndUse Source": "Default", "Envelope Source": "Default", "Cooling System Source": "Default", "Heating System Source": "Default", "Solar Technologies": null, "CLUSTERLABEL": 1, "n": 1, "distance": 153.38579683843008, "feature_x": 724490.23422028008, "feature_y": 5033186.5481743291, "nearest_x": 724339.52991531463, "nearest_y": 5033215.1036490519 }, "geometry": { "type": "Polygon", "coordinates": [ [ [ 724491.826120219542645, 5033185.626129320822656 ], [ 724490.234220280079171, 5033186.548174329102039 ], [ 724506.662283437792212, 5033221.661995597183704 ], [ 724509.011610113317147, 5033226.295381610281765 ], [ 724519.353897476452403, 5033220.991606635041535 ], [ 724500.84989232791122, 5033181.487718389369547 ], [ 724491.826120219542645, 5033185.626129320822656 ] ] ] } },
{ "type": "Feature", "properties": { "Height": 14.0, "Floors": 4, "End Use": "Residential", "Lower End Use": "Residential", "Upper End Use": "Residential", "Envelope": "1970-1980", "id": "0021500065", "Name": "Building 0021500065", "ExtWallCoeff": 1.0, "VolCoeff": 1.0, "Cooling System": "IdealLoad", "Heating System": "IdealLoad", "Section": "280600000215", "Section_Keys": [ "Total_Buildings", "Total_Res", "Pop_Res", "P[0000-1919]", "P[1920-1945]", "P[1946-1960]", "P[1961-1970]", "P[1971-1980]", "P[1981-1990]", "P[1991-2000]", "P[2001-2005]", "P[2006-3000]", "P[1F]", "P[2F]", "P[3F]", "P[4F+]", "P[Res]" ], "Section_Values": [ 78.0, 55.0, 930.0, 0.30909090909090908, 0.2, 0.2, 0.25454545454545452, 0.018181818181818181, 0.018181818181818181, 0.0, 0.0, 0.0, 0.036363636363636362, 0.27272727272727271, 0.30909090909090908, 0.38181818181818183, 0.70512820512820518 ], "Height Source": null, "Floor Height Source": "Default", "EndUse Source": "ISTAT", "Envelope Source": "Default", "Cooling System Source": "Default", "Heating System Source": "Default", "Solar Technologies": null, "CLUSTERLABEL": 1, "n": 1, "distance": 148.68119672166236, "feature_x": 724486.8970410435, "feature_y": 5033234.8274547951, "nearest_x": 724339.52991531463, "nearest_y": 5033215.1036490519 }, "geometry": { "type": "Polygon", "coordinates": [ [ [ 724486.897041043499485, 5033234.827454795129597 ], [ 724496.200509930145927, 5033254.892669382505119 ], [ 724507.020874572568573, 5033250.239984421059489 ], [ 724502.439523488399573, 5033240.321113647893071 ], [ 724503.436568134347908, 5033239.822777683846653 ], [ 724503.052537132287398, 5033238.730087473988533 ], [ 724508.32458181551192, 5033233.69024018291384 ], [ 724511.647108316654339, 5033232.129201166331768 ], [ 724509.011610113317147, 5033226.295381610281765 ], [ 724506.662283437792212, 5033221.661995597183704 ], [ 724503.348404092597775, 5033222.322341505438089 ], [ 724503.652716704877093, 5033223.234209594316781 ], [ 724498.008136067190208, 5033226.859199703671038 ], [ 724498.190147238550708, 5033227.466366779990494 ], [ 724494.060519557679072, 5033229.910730009898543 ], [ 724488.699675393057987, 5033234.146525878459215 ], [ 724486.897041043499485, 5033234.827454795129597 ] ] ] } },
{ "type": "Feature", "properties": { "Height": 9.15, "Floors": 3, "End Use": "Residential", "Lower End Use": "Residential", "Upper End Use": "Residential", "Envelope": "1970-1980", "id": "0021500066", "Name": "Building 0021500066", "ExtWallCoeff": 1.0, "VolCoeff": 1.0, "Cooling System": "IdealLoad", "Heating System": "IdealLoad", "Section": "280600000215", "Section_Keys": [ "Total_Buildings", "Total_Res", "Pop_Res", "P[0000-1919]", "P[1920-1945]", "P[1946-1960]", "P[1961-1970]", "P[1971-1980]", "P[1981-1990]", "P[1991-2000]", "P[2001-2005]", "P[2006-3000]", "P[1F]", "P[2F]", "P[3F]", "P[4F+]", "P[Res]" ], "Section_Values": [ 78.0, 55.0, 930.0, 0.30909090909090908, 0.2, 0.2, 0.25454545454545452, 0.018181818181818181, 0.018181818181818181, 0.0, 0.0, 0.0, 0.036363636363636362, 0.27272727272727271, 0.30909090909090908, 0.38181818181818183, 0.70512820512820518 ], "Height Source": null, "Floor Height Source": "Default", "EndUse Source": "Default", "Envelope Source": "Default", "Cooling System Source": "Default", "Heating System Source": "Default", "Solar Technologies": null, "CLUSTERLABEL": 1, "n": 1, "distance": 44.938150793714335, "feature_x": 724322.00934666581, "feature_y": 5033256.4856145801, "nearest_x": 724339.52991531463, "nearest_y": 5033215.1036490519 }, "geometry": { "type": "Polygon", "coordinates": [ [ [ 724366.491570177837275, 5033304.112601928412914 ], [ 724357.307517651701346, 5033290.792700549587607 ], [ 724353.445092166773975, 5033293.435781468637288 ], [ 724345.467849708278663, 5033281.860848585143685 ], [ 724344.143201758735813, 5033282.759090807288885 ], [ 724334.214313577860594, 5033268.355926353484392 ], [ 724331.484002099721693, 5033270.227390427142382 ], [ 724322.009346665814519, 5033256.485614580102265 ], [ 724308.366418382385746, 5033265.82103321608156 ], [ 724316.67136267980095, 5033277.874788139015436 ], [ 724319.345313073368743, 5033276.0458017680794 ], [ 724329.184690720401704, 5033290.323390119709074 ], [ 724330.180228849872947, 5033289.646998589858413 ], [ 724339.796332056401297, 5033303.594061154872179 ], [ 724342.494148003053851, 5033301.754812655970454 ], [ 724349.897852481342852, 5033312.497267430648208 ], [ 724360.449252840830013, 5033305.276345148682594 ], [ 724361.850008441833779, 5033307.295178472995758 ], [ 724366.491570177837275, 5033304.112601928412914 ] ] ] } },
{ "type": "Feature", "properties": { "Height": 5.971, "Floors": 2, "End Use": "Residential", "Lower End Use": "Residential", "Upper End Use": "Residential", "Envelope": "1970-1980", "id": "0021500067", "Name": "Building 0021500067", "ExtWallCoeff": 1.0, "VolCoeff": 1.0, "Cooling System": "IdealLoad", "Heating System": "IdealLoad", "Section": "280600000215", "Section_Keys": [ "Total_Buildings", "Total_Res", "Pop_Res", "P[0000-1919]", "P[1920-1945]", "P[1946-1960]", "P[1961-1970]", "P[1971-1980]", "P[1981-1990]", "P[1991-2000]", "P[2001-2005]", "P[2006-3000]", "P[1F]", "P[2F]", "P[3F]", "P[4F+]", "P[Res]" ], "Section_Values": [ 78.0, 55.0, 930.0, 0.30909090909090908, 0.2, 0.2, 0.25454545454545452, 0.018181818181818181, 0.018181818181818181, 0.0, 0.0, 0.0, 0.036363636363636362, 0.27272727272727271, 0.30909090909090908, 0.38181818181818183, 0.70512820512820518 ], "Height Source": null, "Floor Height Source": "Default", "EndUse Source": "Default", "Envelope Source": "Default", "Cooling System Source": "Default", "Heating System Source": "Default", "Solar Technologies": null, "CLUSTERLABEL": 1, "n": 1, "distance": 93.823050780190542, "feature_x": 724414.85243094934, "feature_y": 5033159.16364998, "nearest_x": 724339.52991531463, "nearest_y": 5033215.1036490519 }, "geometry": { "type": "Polygon", "coordinates": [ [ [ 724414.852430949336849, 5033159.1636499799788 ], [ 724422.368045267998241, 5033169.187149270437658 ], [ 724424.137636693310924, 5033171.40825651306659 ], [ 724425.148851762758568, 5033170.732437524944544 ], [ 724427.870220297947526, 5033168.89406075514853 ], [ 724433.57619791990146, 5033176.93975518643856 ], [ 724434.173316577798687, 5033176.671853175386786 ], [ 724437.814280473394319, 5033181.773994935676455 ], [ 724438.868031080346555, 5033182.97956860344857 ], [ 724440.619683158118278, 5033181.751754124648869 ], [ 724440.032209304859862, 5033180.651808485388756 ], [ 724436.192972534801811, 5033175.397984053008258 ], [ 724442.22601335356012, 5033170.985909139737487 ], [ 724446.214925255510025, 5033168.314018918201327 ], [ 724447.296666198875755, 5033167.418250111863017 ], [ 724441.899907622486353, 5033159.049872923642397 ], [ 724445.668956661829725, 5033156.392382533289492 ], [ 724444.436856728279963, 5033154.257192092947662 ], [ 724436.774181609041989, 5033144.183923468925059 ], [ 724414.852430949336849, 5033159.1636499799788 ] ] ] } },
{ "type": "Feature", "properties": { "Height": 13.95, "Floors": 4, "End Use": "Residential", "Lower End Use": "Residential", "Upper End Use": "Residential", "Envelope": "1970-1980", "id": "0021500068", "Name": "Building 0021500068", "ExtWallCoeff": 1.0, "VolCoeff": 1.0, "Cooling System": "IdealLoad", "Heating System": "IdealLoad", "Section": "280600000215", "Section_Keys": [ "Total_Buildings", "Total_Res", "Pop_Res", "P[0000-1919]", "P[1920-1945]", "P[1946-1960]", "P[1961-1970]", "P[1971-1980]", "P[1981-1990]", "P[1991-2000]", "P[2001-2005]", "P[2006-3000]", "P[1F]", "P[2F]", "P[3F]", "P[4F+]", "P[Res]" ], "Section_Values": [ 78.0, 55.0, 930.0, 0.30909090909090908, 0.2, 0.2, 0.25454545454545452, 0.018181818181818181, 0.018181818181818181, 0.0, 0.0, 0.0, 0.036363636363636362, 0.27272727272727271, 0.30909090909090908, 0.38181818181818183, 0.70512820512820518 ], "Height Source": null, "Floor Height Source": "Default", "EndUse Source": "ISTAT", "Envelope Source": "Default", "Cooling System Source": "Default", "Heating System Source": "Default", "Solar Technologies": null, "CLUSTERLABEL": 1, "n": 1, "distance": 120.35802758394075, "feature_x": 724436.77418160904, "feature_y": 5033144.1839234689, "nearest_x": 724339.52991531463, "nearest_y": 5033215.1036490519 }, "geometry": { "type": "Polygon", "coordinates": [ [ [ 724435.30904101789929, 5033141.773454695940018 ], [ 724435.619023594539613, 5033142.307321582920849 ], [ 724436.424786770017818, 5033143.437303434126079 ], [ 724436.774181609041989, 5033144.183923468925059 ], [ 724444.436856728279963, 5033154.257192092947662 ], [ 724454.94891899661161, 5033146.612306767143309 ], [ 724458.031910955440253, 5033144.519883770495653 ], [ 724457.79462128598243, 5033144.144339153543115 ], [ 724448.976424277294427, 5033131.326802982017398 ], [ 724435.30904101789929, 5033141.773454695940018 ] ] ] } },
{ "type": "Feature", "properties": { "Height": 11.325, "Floors": 3, "End Use": "Residential", "Lower End Use": "Residential", "Upper End Use": "Residential", "Envelope": "1970-1980", "id": "0021500069", "Name": "Building 0021500069", "ExtWallCoeff": 1.0, "VolCoeff": 1.0, "Cooling System": "IdealLoad", "Heating System": "IdealLoad", "Section": "280600000215", "Section_Keys": [ "Total_Buildings", "Total_Res", "Pop_Res", "P[0000-1919]", "P[1920-1945]", "P[1946-1960]", "P[1961-1970]", "P[1971-1980]", "P[1981-1990]", "P[1991-2000]", "P[2001-2005]", "P[2006-3000]", "P[1F]", "P[2F]", "P[3F]", "P[4F+]", "P[Res]" ], "Section_Values": [ 78.0, 55.0, 930.0, 0.30909090909090908, 0.2, 0.2, 0.25454545454545452, 0.018181818181818181, 0.018181818181818181, 0.0, 0.0, 0.0, 0.036363636363636362, 0.27272727272727271, 0.30909090909090908, 0.38181818181818183, 0.70512820512820518 ], "Height Source": null, "Floor Height Source": "Default", "EndUse Source": "ISTAT", "Envelope Source": "Default", "Cooling System Source": "Default", "Heating System Source": "Default", "Solar Technologies": null, "CLUSTERLABEL": 3, "n": 1, "distance": 130.971720387858, "feature_x": 724687.28992959985, "feature_y": 5033293.8751140404, "nearest_x": 724770.36849972012, "nearest_y": 5033395.1250164015 }, "geometry": { "type": "Polygon", "coordinates": [ [ [ 724671.209403299726546, 5033276.9156374335289 ], [ 724671.66206212900579, 5033277.621468145400286 ], [ 724672.833055112627335, 5033279.710033333860338 ], [ 724674.527007760014385, 5033282.72941208165139 ], [ 724675.097026080242358, 5033283.439435888081789 ], [ 724677.72974078450352, 5033288.249873025342822 ], [ 724669.969670368358493, 5033292.978228701278567 ], [ 724675.072832780773751, 5033301.658925943076611 ], [ 724687.289929599850439, 5033293.875114040449262 ], [ 724686.877247997676022, 5033292.269703634083271 ], [ 724691.18233919760678, 5033289.520273898728192 ], [ 724687.572943651583046, 5033282.884045610204339 ], [ 724684.456845480483025, 5033277.78936901781708 ], [ 724682.280529421172105, 5033274.018600405193865 ], [ 724680.73115123831667, 5033271.338090851902962 ], [ 724677.306389905512333, 5033265.453743557445705 ], [ 724674.110786834266037, 5033259.733314977958798 ], [ 724668.934720789082348, 5033262.740853509865701 ], [ 724667.922754930797964, 5033261.025047304108739 ], [ 724655.556401132256724, 5033268.3808727953583 ], [ 724660.556929708458483, 5033276.646317895501852 ], [ 724668.418609924032353, 5033272.144050604663789 ], [ 724671.209403299726546, 5033276.9156374335289 ] ] ] } },
{ "type": "Feature", "properties": { "Height": 4.775, "Floors": 1, "End Use": "Residential", "Lower End Use": "Residential", "Upper End Use": "Residential", "Envelope": "Before 1930", "id": "0021500070", "Name": "Building 0021500070", "ExtWallCoeff": 1.0, "VolCoeff": 1.0, "Cooling System": "IdealLoad", "Heating System": "IdealLoad", "Section": "280600000215", "Section_Keys": [ "Total_Buildings", "Total_Res", "Pop_Res", "P[0000-1919]", "P[1920-1945]", "P[1946-1960]", "P[1961-1970]", "P[1971-1980]", "P[1981-1990]", "P[1991-2000]", "P[2001-2005]", "P[2006-3000]", "P[1F]", "P[2F]", "P[3F]", "P[4F+]", "P[Res]" ], "Section_Values": [ 78.0, 55.0, 930.0, 0.30909090909090908, 0.2, 0.2, 0.25454545454545452, 0.018181818181818181, 0.018181818181818181, 0.0, 0.0, 0.0, 0.036363636363636362, 0.27272727272727271, 0.30909090909090908, 0.38181818181818183, 0.70512820512820518 ], "Height Source": null, "Floor Height Source": "Default", "EndUse Source": "ISTAT", "Envelope Source": "ISTAT", "Cooling System Source": "Default", "Heating System Source": "Default", "Solar Technologies": null, "CLUSTERLABEL": 1, "n": 1, "distance": 170.43669704388824, "feature_x": 724503.38472357485, "feature_y": 5033168.1966185635, "nearest_x": 724339.52991531463, "nearest_y": 5033215.1036490519 }, "geometry": { "type": "Polygon", "coordinates": [ [ [ 724515.757947267498821, 5033159.550412500277162 ], [ 724511.246546252747066, 5033162.592931967228651 ], [ 724505.158386856666766, 5033166.791630393825471 ], [ 724503.384723574854434, 5033168.196618563495576 ], [ 724532.58121336530894, 5033229.673000902868807 ], [ 724540.026434917817824, 5033226.301430122926831 ], [ 724546.841483349911869, 5033222.807255523279309 ], [ 724539.090882327407598, 5033206.646139782853425 ], [ 724537.596015791874379, 5033203.53380021173507 ], [ 724518.962293146876618, 5033164.592523782514036 ], [ 724530.3809598099906, 5033159.204827885143459 ], [ 724526.885826660087332, 5033151.994366863742471 ], [ 724526.31177714583464, 5033152.274207635782659 ], [ 724517.352633980335668, 5033158.55060812458396 ], [ 724515.757947267498821, 5033159.550412500277162 ] ] ] } },
{ "type": "Feature", "properties": { "Height": 15.0, "Floors": 4, "End Use": "Residential", "Lower End Use": "Residential", "Upper End Use": "Residential", "Envelope": "1970-1980", "id": "0021500071", "Name": "Building 0021500071", "ExtWallCoeff": 1.0, "VolCoeff": 1.0, "Cooling System": "IdealLoad", "Heating System": "IdealLoad", "Section": "280600000215", "Section_Keys": [ "Total_Buildings", "Total_Res", "Pop_Res", "P[0000-1919]", "P[1920-1945]", "P[1946-1960]", "P[1961-1970]", "P[1971-1980]", "P[1981-1990]", "P[1991-2000]", "P[2001-2005]", "P[2006-3000]", "P[1F]", "P[2F]", "P[3F]", "P[4F+]", "P[Res]" ], "Section_Values": [ 78.0, 55.0, 930.0, 0.30909090909090908, 0.2, 0.2, 0.25454545454545452, 0.018181818181818181, 0.018181818181818181, 0.0, 0.0, 0.0, 0.036363636363636362, 0.27272727272727271, 0.30909090909090908, 0.38181818181818183, 0.70512820512820518 ], "Height Source": null, "Floor Height Source": "Default", "EndUse Source": "ISTAT", "Envelope Source": "Default", "Cooling System Source": "Default", "Heating System Source": "Default", "Solar Technologies": null, "CLUSTERLABEL": 1, "n": 1, "distance": 199.75645766483632, "feature_x": 724520.11952620884, "feature_y": 5033300.4853497604, "nearest_x": 724339.52991531463, "nearest_y": 5033215.1036490519 }, "geometry": { "type": "Polygon", "coordinates": [ [ [ 724529.675016406807117, 5033295.93215530179441 ], [ 724520.119526208844036, 5033300.485349760390818 ], [ 724523.813877350883558, 5033308.915390510112047 ], [ 724524.898737961659208, 5033311.223320600576699 ], [ 724528.376134566729888, 5033318.48877317737788 ], [ 724539.775328112998977, 5033313.200528072193265 ], [ 724531.32393594936002, 5033295.167886646464467 ], [ 724529.675016406807117, 5033295.93215530179441 ] ] ] } },
{ "type": "Feature", "properties": { "Height": 11.0, "Floors": 3, "End Use": "Residential", "Lower End Use": "Residential", "Upper End Use": "Residential", "Envelope": "1970-1980", "id": "0021500072", "Name": "Building 0021500072", "ExtWallCoeff": 1.0, "VolCoeff": 1.0, "Cooling System": "IdealLoad", "Heating System": "IdealLoad", "Section": "280600000215", "Section_Keys": [ "Total_Buildings", "Total_Res", "Pop_Res", "P[0000-1919]", "P[1920-1945]", "P[1946-1960]", "P[1961-1970]", "P[1971-1980]", "P[1981-1990]", "P[1991-2000]", "P[2001-2005]", "P[2006-3000]", "P[1F]", "P[2F]", "P[3F]", "P[4F+]", "P[Res]" ], "Section_Values": [ 78.0, 55.0, 930.0, 0.30909090909090908, 0.2, 0.2, 0.25454545454545452, 0.018181818181818181, 0.018181818181818181, 0.0, 0.0, 0.0, 0.036363636363636362, 0.27272727272727271, 0.30909090909090908, 0.38181818181818183, 0.70512820512820518 ], "Height Source": null, "Floor Height Source": "Default", "EndUse Source": "Default", "Envelope Source": "Default", "Cooling System Source": "Default", "Heating System Source": "Default", "Solar Technologies": null, "CLUSTERLABEL": 3, "n": 1, "distance": 197.98644894967723, "feature_x": 724586.35257874639, "feature_y": 5033322.0717837838, "nearest_x": 724770.36849972012, "nearest_y": 5033395.1250164015 }, "geometry": { "type": "Polygon", "coordinates": [ [ [ 724586.352578746387735, 5033322.071783783845603 ], [ 724579.808432070887648, 5033311.181741722859442 ], [ 724570.14918258448597, 5033316.665532194077969 ], [ 724564.959589218720794, 5033306.891737122088671 ], [ 724557.104092703200877, 5033311.005022890865803 ], [ 724563.457461232086644, 5033323.289790239185095 ], [ 724565.169080570689403, 5033322.305299046449363 ], [ 724568.392179766786285, 5033327.91541507281363 ], [ 724586.352578746387735, 5033322.071783783845603 ] ] ] } },
{ "type": "Feature", "properties": { "Height": 15.2, "Floors": 4, "End Use": "Residential", "Lower End Use": "Residential", "Upper End Use": "Residential", "Envelope": "Before 1930", "id": "0021500073", "Name": "Building 0021500073", "ExtWallCoeff": 1.0, "VolCoeff": 1.0, "Cooling System": "IdealLoad", "Heating System": "IdealLoad", "Section": "280600000215", "Section_Keys": [ "Total_Buildings", "Total_Res", "Pop_Res", "P[0000-1919]", "P[1920-1945]", "P[1946-1960]", "P[1961-1970]", "P[1971-1980]", "P[1981-1990]", "P[1991-2000]", "P[2001-2005]", "P[2006-3000]", "P[1F]", "P[2F]", "P[3F]", "P[4F+]", "P[Res]" ], "Section_Values": [ 78.0, 55.0, 930.0, 0.30909090909090908, 0.2, 0.2, 0.25454545454545452, 0.018181818181818181, 0.018181818181818181, 0.0, 0.0, 0.0, 0.036363636363636362, 0.27272727272727271, 0.30909090909090908, 0.38181818181818183, 0.70512820512820518 ], "Height Source": null, "Floor Height Source": "Default", "EndUse Source": "ISTAT", "Envelope Source": "ISTAT", "Cooling System Source": "Default", "Heating System Source": "Default", "Solar Technologies": null, "CLUSTERLABEL": 1, "n": 1, "distance": 191.28161913588889, "feature_x": 724527.90418630745, "feature_y": 5033248.3270120239, "nearest_x": 724339.52991531463, "nearest_y": 5033215.1036490519 }, "geometry": { "type": "Polygon", "coordinates": [ [ [ 724527.904186307452619, 5033248.327012023888528 ], [ 724542.580619780346751, 5033279.830016281455755 ], [ 724545.473459422588348, 5033285.695289774797857 ], [ 724548.771335980156437, 5033292.064462283626199 ], [ 724559.933890746789984, 5033286.823417499661446 ], [ 724539.325097746681422, 5033242.872680550441146 ], [ 724527.904186307452619, 5033248.327012023888528 ] ] ] } },
{ "type": "Feature", "properties": { "Height": 15.0, "Floors": 4, "End Use": "Residential", "Lower End Use": "Residential", "Upper End Use": "Residential", "Envelope": "1970-1980", "id": "0021500074", "Name": "Building 0021500074", "ExtWallCoeff": 1.0, "VolCoeff": 1.0, "Cooling System": "IdealLoad", "Heating System": "IdealLoad", "Section": "280600000215", "Section_Keys": [ "Total_Buildings", "Total_Res", "Pop_Res", "P[0000-1919]", "P[1920-1945]", "P[1946-1960]", "P[1961-1970]", "P[1971-1980]", "P[1981-1990]", "P[1991-2000]", "P[2001-2005]", "P[2006-3000]", "P[1F]", "P[2F]", "P[3F]", "P[4F+]", "P[Res]" ], "Section_Values": [ 78.0, 55.0, 930.0, 0.30909090909090908, 0.2, 0.2, 0.25454545454545452, 0.018181818181818181, 0.018181818181818181, 0.0, 0.0, 0.0, 0.036363636363636362, 0.27272727272727271, 0.30909090909090908, 0.38181818181818183, 0.70512820512820518 ], "Height Source": null, "Floor Height Source": "Default", "EndUse Source": "ISTAT", "Envelope Source": "Default", "Cooling System Source": "Default", "Heating System Source": "Default", "Solar Technologies": null, "CLUSTERLABEL": 1, "n": 1, "distance": 178.44804071265978, "feature_x": 724506.68761628645, "feature_y": 5033277.569689746, "nearest_x": 724339.52991531463, "nearest_y": 5033215.1036490519 }, "geometry": { "type": "Polygon", "coordinates": [ [ [ 724519.032376838847995, 5033272.348530306480825 ], [ 724506.687616286450066, 5033277.569689746014774 ], [ 724512.82695133856032, 5033291.0258480142802 ], [ 724515.03450890770182, 5033295.898895205929875 ], [ 724517.658283986500464, 5033301.621066800318658 ], [ 724520.119526208844036, 5033300.485349760390818 ], [ 724529.675016406807117, 5033295.93215530179441 ], [ 724526.938360472558998, 5033289.861118937842548 ], [ 724525.710501313209534, 5033287.169883764348924 ], [ 724519.032376838847995, 5033272.348530306480825 ] ] ] } },
{ "type": "Feature", "properties": { "Height": 14.0, "Floors": 4, "End Use": "Residential", "Lower End Use": "Residential", "Upper End Use": "Residential", "Envelope": "Before 1930", "id": "0021500075", "Name": "Building 0021500075", "ExtWallCoeff": 1.0, "VolCoeff": 1.0, "Cooling System": "IdealLoad", "Heating System": "IdealLoad", "Section": "280600000215", "Section_Keys": [ "Total_Buildings", "Total_Res", "Pop_Res", "P[0000-1919]", "P[1920-1945]", "P[1946-1960]", "P[1961-1970]", "P[1971-1980]", "P[1981-1990]", "P[1991-2000]", "P[2001-2005]", "P[2006-3000]", "P[1F]", "P[2F]", "P[3F]", "P[4F+]", "P[Res]" ], "Section_Values": [ 78.0, 55.0, 930.0, 0.30909090909090908, 0.2, 0.2, 0.25454545454545452, 0.018181818181818181, 0.018181818181818181, 0.0, 0.0, 0.0, 0.036363636363636362, 0.27272727272727271, 0.30909090909090908, 0.38181818181818183, 0.70512820512820518 ], "Height Source": null, "Floor Height Source": "Default", "EndUse Source": "Default", "Envelope Source": "ISTAT", "Cooling System Source": "Default", "Heating System Source": "Default", "Solar Technologies": null, "CLUSTERLABEL": 1, "n": 1, "distance": 161.64418132444717, "feature_x": 724496.20050993015, "feature_y": 5033254.8926693825, "nearest_x": 724339.52991531463, "nearest_y": 5033215.1036490519 }, "geometry": { "type": "Polygon", "coordinates": [ [ [ 724508.028807122493163, 5033249.875520132482052 ], [ 724507.020874572568573, 5033250.239984421059489 ], [ 724496.200509930145927, 5033254.892669382505119 ], [ 724497.507785790832713, 5033258.432119418866932 ], [ 724501.418997965054587, 5033266.714154733344913 ], [ 724506.687616286450066, 5033277.569689746014774 ], [ 724519.032376838847995, 5033272.348530306480825 ], [ 724508.028807122493163, 5033249.875520132482052 ] ] ] } },
{ "type": "Feature", "properties": { "Height": 7.1, "Floors": 2, "End Use": "Residential", "Lower End Use": "Residential", "Upper End Use": "Residential", "Envelope": "1970-1980", "id": "0021500076", "Name": "Building 0021500076", "ExtWallCoeff": 1.0, "VolCoeff": 1.0, "Cooling System": "IdealLoad", "Heating System": "IdealLoad", "Section": "280600000215", "Section_Keys": [ "Total_Buildings", "Total_Res", "Pop_Res", "P[0000-1919]", "P[1920-1945]", "P[1946-1960]", "P[1961-1970]", "P[1971-1980]", "P[1981-1990]", "P[1991-2000]", "P[2001-2005]", "P[2006-3000]", "P[1F]", "P[2F]", "P[3F]", "P[4F+]", "P[Res]" ], "Section_Values": [ 78.0, 55.0, 930.0, 0.30909090909090908, 0.2, 0.2, 0.25454545454545452, 0.018181818181818181, 0.018181818181818181, 0.0, 0.0, 0.0, 0.036363636363636362, 0.27272727272727271, 0.30909090909090908, 0.38181818181818183, 0.70512820512820518 ], "Height Source": null, "Floor Height Source": "Default", "EndUse Source": "ISTAT", "Envelope Source": "Default", "Cooling System Source": "Default", "Heating System Source": "Default", "Solar Technologies": null, "CLUSTERLABEL": 3, "n": 1, "distance": 165.61718917795645, "feature_x": 724650.50504417426, "feature_y": 5033280.8367607677, "nearest_x": 724770.36849972012, "nearest_y": 5033395.1250164015 }, "geometry": { "type": "Polygon", "coordinates": [ [ [ 724623.580662637483329, 5033282.121974697336555 ], [ 724629.371346750296652, 5033293.708181361667812 ], [ 724639.758374150143936, 5033287.371713181957603 ], [ 724650.505044174264185, 5033280.836760767735541 ], [ 724645.098622113117017, 5033272.968395968899131 ], [ 724641.815794233698398, 5033266.39948118571192 ], [ 724634.731995131936856, 5033270.618107353337109 ], [ 724629.574211878469214, 5033273.114646898582578 ], [ 724628.141024302691221, 5033278.146909195929766 ], [ 724623.580662637483329, 5033282.121974697336555 ] ] ] } },
{ "type": "Feature", "properties": { "Height": 14.9, "Floors": 4, "End Use": "Residential", "Lower End Use": "Residential", "Upper End Use": "Residential", "Envelope": "1970-1980", "id": "0000003192", "Name": "Building 0000003192", "ExtWallCoeff": 1.0, "VolCoeff": 1.0, "Cooling System": "IdealLoad", "Heating System": "IdealLoad", "Section": "00000", "Section_Keys": [ "Total_Buildings", "Total_Res", "Pop_Res", "P[0000-1919]", "P[1920-1945]", "P[1946-1960]", "P[1961-1970]", "P[1971-1980]", "P[1981-1990]", "P[1991-2000]", "P[2001-2005]", "P[2006-3000]", "P[1F]", "P[2F]", "P[3F]", "P[4F+]", "P[Res]" ], "Section_Values": null, "Height Source": null, "Floor Height Source": "Default", "EndUse Source": "Default", "Envelope Source": "Default", "Cooling System Source": "Default", "Heating System Source": "Default", "Solar Technologies": null, "CLUSTERLABEL": 3, "n": 1, "distance": 186.15885998290571, "feature_x": 724710.44790331111, "feature_y": 5033218.8733688174, "nearest_x": 724770.36849972012, "nearest_y": 5033395.1250164015 }, "geometry": { "type": "Polygon", "coordinates": [ [ [ 724725.721243488253094, 5033199.229890347458422 ], [ 724705.683862224803306, 5033211.005657355301082 ], [ 724710.447903311112896, 5033218.873368817381561 ], [ 724730.301743531483226, 5033207.191171106882393 ], [ 724725.721243488253094, 5033199.229890347458422 ] ] ] } },
{ "type": "Feature", "properties": { "Height": 15.4, "Floors": 4, "End Use": "Residential", "Lower End Use": "Residential", "Upper End Use": "Residential", "Envelope": "1970-1980", "id": "0000003193", "Name": "Building 0000003193", "ExtWallCoeff": 1.0, "VolCoeff": 1.0, "Cooling System": "IdealLoad", "Heating System": "IdealLoad", "Section": "00000", "Section_Keys": [ "Total_Buildings", "Total_Res", "Pop_Res", "P[0000-1919]", "P[1920-1945]", "P[1946-1960]", "P[1961-1970]", "P[1971-1980]", "P[1981-1990]", "P[1991-2000]", "P[2001-2005]", "P[2006-3000]", "P[1F]", "P[2F]", "P[3F]", "P[4F+]", "P[Res]" ], "Section_Values": null, "Height Source": null, "Floor Height Source": "Default", "EndUse Source": "Default", "Envelope Source": "Default", "Cooling System Source": "Default", "Heating System Source": "Default", "Solar Technologies": null, "CLUSTERLABEL": 3, "n": 1, "distance": 156.24723201390273, "feature_x": 724698.19686765678, "feature_y": 5033256.5448842132, "nearest_x": 724770.36849972012, "nearest_y": 5033395.1250164015 }, "geometry": { "type": "Polygon", "coordinates": [ [ [ 724710.983358138706535, 5033233.486586257815361 ], [ 724708.207323033711873, 5033235.756709787994623 ], [ 724702.088352843304165, 5033240.376816673204303 ], [ 724701.279465141473338, 5033240.87072161026299 ], [ 724696.982031195540912, 5033235.511360471136868 ], [ 724687.751235237810761, 5033241.933547303080559 ], [ 724698.196867656777613, 5033256.544884213246405 ], [ 724744.776876930496655, 5033221.724108318798244 ], [ 724738.327188700670376, 5033213.017482249066234 ], [ 724710.983358138706535, 5033233.486586257815361 ] ] ] } },
{ "type": "Feature", "properties": { "Height": 15.15, "Floors": 4, "End Use": "Residential", "Lower End Use": "Residential", "Upper End Use": "Residential", "Envelope": "1970-1980", "id": "0000003738", "Name": "Building 0000003738", "ExtWallCoeff": 1.0, "VolCoeff": 1.0, "Cooling System": "IdealLoad", "Heating System": "IdealLoad", "Section": "00000", "Section_Keys": [ "Total_Buildings", "Total_Res", "Pop_Res", "P[0000-1919]", "P[1920-1945]", "P[1946-1960]", "P[1961-1970]", "P[1971-1980]", "P[1981-1990]", "P[1991-2000]", "P[2001-2005]", "P[2006-3000]", "P[1F]", "P[2F]", "P[3F]", "P[4F+]", "P[Res]" ], "Section_Values": null, "Height Source": null, "Floor Height Source": "Default", "EndUse Source": "Default", "Envelope Source": "Default", "Cooling System Source": "Default", "Heating System Source": "Default", "Solar Technologies": null, "CLUSTERLABEL": 3, "n": 1, "distance": 174.04952914351279, "feature_x": 724687.75123523781, "feature_y": 5033241.9335473031, "nearest_x": 724770.36849972012, "nearest_y": 5033395.1250164015 }, "geometry": { "type": "Polygon", "coordinates": [ [ [ 724679.303590337047353, 5033225.558228031732142 ], [ 724687.751235237810761, 5033241.933547303080559 ], [ 724696.982031195540912, 5033235.511360471136868 ], [ 724692.934912595665082, 5033227.969609131105244 ], [ 724698.166298272321001, 5033224.730469891801476 ], [ 724694.132156800595112, 5033217.044575995765626 ], [ 724679.303590337047353, 5033225.558228031732142 ] ] ] } }
]
}
